status,reason,segment_count,parsed_segments,parse_errors,parsed_math,macro_boundary,first_error,ID,title,canonical_equation
Passed,,1,1.0,0,"Eq(Limit(gamma(tau), tau, oo, dir='-'), p)","Eq(Limit(gamma(tau), tau, oo, dir='-'), p)",,ID0000,Existence and Uniqueness of the Trawin Zero Point,"\lim_{\tau\to\infty}\gamma(\tau)=p,"
Passed,,2,2.0,0,"forall*(Gamma*(M*subset)) || Eq(Eq(Lambda(0), Lambda(1/2)), p)","forall*(Gamma*(M*subset)) || Eq(Eq(Lambda(0), Lambda(1/2)), p)",,ID0001,Tzp Trawin Zero Point,"\forall \Gamma \subset M,\; \Gamma \sim \Lambda || \Lambda(0)=\Lambda(1/2)=p"
Syntax Error,"(M,g)\ \Longleftrightarrow \det g\vert_{p}=0 \ \ \det g(x)\neq 0 \ \ x\neq p -> LaTeXParsingError: I don't understand this
(M,g)\ \Longleftrightarrow \det g\vert_{p}=0 \ \ \det g(x)\neq 0 \ \ x\neq p
~~~~~^ | g^{-1}(x)\ \ x\neq p, g^{-1}\vert_{p}\ -> LaTeXParsingError: I don't understand this
g^{-1}(x)\ \ x\neq p, g^{-1}\vert_{p}\
~~~~~~~~~^",2,,2,,,,ID0002,Trawinistic Manifold,"(M,g)\ \text{is Trawinistic} \quad \Longleftrightarrow \quad \det g\vert_{p}=0 \ \text{and}\ \det g(x)\neq 0 \ \text{for}\ x\neq p || g^{-1}(x)\ \text{exists for}\ x\neq p, \qquad g^{-1}\vert_{p}\ \text{does not exist}"
Passed,,2,2.0,0,in*dim_{p}(M) || Delta_{mathrm*(b*(r*(a*(n*(c*h)))))}/Lambda,in*dim_{p}(M) || Delta_{mathrm*(b*(r*(a*(n*(c*h)))))}/Lambda,,ID0003,Dimensional Ambiguity at TZP,"\dim_{p}(M) \in \{n-1,n,n+1\} || \Delta_{\mathrm{branch}} : \Lambda \longrightarrow \{n-1,n,n+1\}"
Partial Parse,Some segments need cleanup,2,1.0,1,"Eq(det*(g*vert_{p}), 0)","Eq(det*(g*vert_{p}), 0)","g^{-1}\vert_{p}\ , \det g(x)\neq 0 \ \ x\neq p -> LaTeXParsingError: I don't understand this
g^{-1}\vert_{p}\ , \det g(x)\neq 0 \ \ x\neq p
~~~~~~~~~~~~~~~^",ID0004,Metric Degeneracy Condition,"\det g\vert_{p}=0 || g^{-1}\vert_{p}\ \text{does not exist}, \qquad \det g(x)\neq 0 \ \text{for}\ x\neq p"
Passed,,2,2.0,0,"phi/M || Eq(phi(Lambda), Lambda)","phi/M || Eq(phi(Lambda), Lambda)",,ID0005,TZP Stability Under Symmetry-Preserving Diffeomorphisms,"\phi : M \to M, \qquad \phi(p)=p || \phi(\Lambda)=\Lambda"
Passed,,2,2.0,0,"Eq(u_{T}, oint_{Gamma}*(dell*sqrt(lvert*(g*rvert)))) || operatorname*(W*(i*(d*n)))","Eq(u_{T}, oint_{Gamma}*(dell*sqrt(lvert*(g*rvert)))) || operatorname*(W*(i*(d*n)))",,ID0006,Trawin Base Unit,"u_{T} := \oint_{\Gamma} \sqrt{\lvert g \rvert}\, d\ell || \operatorname{Wind}_{p}(\Gamma)=1"
Syntax Error,"\alpha_{T} = \frac{dt'}{dt} -> LaTeXParsingError: I don't understand this
\alpha_{T} = \frac{dt'}{dt}
~~~~~~~~~~~~~~~~~~~~~^ | \alpha_{T}^{\mathrm{TZP}} = \lim_{\gamma \to p} \frac{dt'}{dt} -> LaTeXParsingError: I don't understand this
\alpha_{T}^{\mathrm{TZP}} = \lim_{\gamma \to p} \frac{dt'}{dt}
~~~~~~~~~~~~~~~~~~~~~~~~~~~~~~~~~~~~~~~~~~~~~~~~~~~~~~~~^",2,,2,,,,ID0007,Temporal Displacement Factor,\alpha_{T} = \frac{dt'}{dt} || \alpha_{T}^{\mathrm{TZP}} = \lim_{\gamma \to p} \frac{dt'}{dt}
Passed,,2,2.0,0,"Eq(K_{mathrm*(L*N)}, (lVert*(nabla**2*(Phi*rVert)))/((lVert*(nabla*(Phi*rVert**2))))) || Eq(K_{mathrm*(L*N)}**(mathrm*(T*(P*Z))), Limit((lVert*(nabla**2*(rVert*Phi(x))))/((lVert*(nabla*(rVert**2*Phi(x))))), x, p, dir='+-'))","Eq(K_{mathrm*(L*N)}, (lVert*(nabla**2*(Phi*rVert)))/((lVert*(nabla*(Phi*rVert**2))))) || Eq(K_{mathrm*(L*N)}**(mathrm*(T*(P*Z))), Limit((lVert*(nabla**2*(rVert*Phi(x))))/((lVert*(nabla*(rVert**2*Phi(x))))), x, p, dir='+-'))",,ID0008,Non-Linearity Constant K_NL,K_{\mathrm{NL}} = \frac{\lVert \nabla^{2}\Phi \rVert}{\lVert \nabla\Phi \rVert^{2}} || K_{\mathrm{NL}}^{\mathrm{TZP}} = \lim_{x \to p} \frac{\lVert \nabla^{2}\Phi(x) \rVert}{\lVert \nabla\Phi(x) \rVert^{2}}
Partial Parse,Some segments need cleanup,2,1.0,1,mathcal*(U*(ni*p)),mathcal*(U*(ni*p)),"S_{\mathrm{HD}} = \int_{\mathcal U} \sqrt{\lvert \det h \rvert} d^{n}x -> LaTeXParsingError: I expected one of these: '^'
S_{\mathrm{HD}} = \int_{\mathcal U} \sqrt{\lvert \det h \rvert} d^{n}x
~~~~~~~~~~~~~~~~~~~~~~~~~~~~~~~~~~~~^",ID0009,Hyper-Dimensional Span,"S_{\mathrm{HD}} := \int_{\mathcal U} \sqrt{\lvert \det h \rvert}\, d^{n}x || \mathcal U \ni p, \qquad \dim_{p}(M)\in\{n-1,n,n+1\}"
Partial Parse,Some segments need cleanup,2,1.0,1,"Eq(Delta*x, -x(t) + x(Delta*t + t))",,"\sigma_{\mathrm{SD}}^{2} = \lim_{\Delta t \to 0} \frac{1}{\Delta t} \langle (\De -> LaTeXParsingError: I don't understand this
\sigma_{\mathrm{SD}}^{2} = \lim_{\Delta t \to 0} \frac{1}{\Delta t} \langle (\Delta x)^{2} \rangle
~~~~~~~~~~~~~~~~~~~~~~~~~~~~~~~~~~~~~~~~^",ID0010,Stochastic Drift Magnitude,\sigma_{\mathrm{SD}}^{2} = \lim_{\Delta t \to 0} \frac{1}{\Delta t} \left\langle (\Delta x)^{2} \right\rangle || \Delta x = x(t+\Delta t)-x(t)
Passed,,2,2.0,0,"Eq(I_{mathrm*(C*L)}, dx*(A*oint_{Gamma})) || Eq(dA, 0*(M*(p*setminus)))","Eq(I_{mathrm*(C*L)}, dx*(A*oint_{Gamma})) || Eq(dA, 0*(M*(p*setminus)))",,ID0011,Causal Loop Invariant,I_{\mathrm{CL}} = \oint_{\Gamma} A \cdot dx || dA = 0 \quad \text{on } M \setminus \{p\}
Syntax Error,"C(\phi_{1},\phi_{2}) = \frac{|\langle \phi_{1},\phi_{2}\rangle|} {\|\phi_{1}\| \ -> LaTeXParsingError: I don't understand this
C(\phi_{1},\phi_{2}) = \frac{|\langle \phi_{1},\phi_{2}\rangle|} {\|\phi_{1}\| \|\phi_{2}\|}
~~~~~~~~~~~~~~~~~~~~~~~~~~~~~~~~~~~~~~~~~~~~~~~~~~~~~~~~~~~~~~~~~~^ | \|\phi\| = \sqrt{\langle \phi,\phi\rangle} -> LaTeXParsingError: I don't understand this
\|\phi\| = \sqrt{\langle \phi,\phi\rangle}
^",2,,2,,,,ID0012,Field Coherence Metric,"C(\phi_{1},\phi_{2}) = \frac{\left|\langle \phi_{1},\phi_{2}\rangle\right|} {\|\phi_{1}\|\,\|\phi_{2}\|} || \|\phi\| = \sqrt{\langle \phi,\phi\rangle}"
Passed,,2,2.0,0,"P_{mathrm*(n*(u*(l*l)))}/((M*T_{p})) || Eq(P_{mathrm*(n*(u*(l*l)))}(v), begin*(v*(c*(a*(s*(e*s))))))","P_{mathrm*(n*(u*(l*l)))}/((M*T_{p})) || Eq(P_{mathrm*(n*(u*(l*l)))}(v), begin*(v*(c*(a*(s*(e*s))))))",,ID0013,Null Space Projection,"P_{\mathrm{null}} : T_{p}M \to T_{p}M || P_{\mathrm{null}}(v) = \begin{cases} v, & g(v,w)=0 \text{ for all } w \in T_{p}M,\\ 0, & \text{otherwise.} \end{cases}"
Passed,,2,2.0,0,"Eq(T_{mathrm*(I*M)}, 1/u_{T}) || Eq(Sigma*(cap*p), varnothing)","Eq(T_{mathrm*(I*M)}, 1/u_{T}) || Eq(Sigma*(cap*p), varnothing)",,ID0014,Inter-Modal Transfer Rate,"T_{\mathrm{IM}} = \frac{1}{u_{T}} \int_{\Sigma} \phi_{m_{1}}^{*}\, \mathcal{L}_{T}\, \phi_{m_{2}}\, d\Sigma || \Sigma \cap \{p\} = \varnothing"
Passed,,2,2.0,0,"Eq(eta(omega), e**((-omega)/omega_{0})/omega**beta) || Eq(omega_{0}, omega_{0}(u_{T}))","Eq(eta(omega), e**((-omega)/omega_{0})/omega**beta) || Eq(omega_{0}, omega_{0}(u_{T}))",,ID0015,Spectral Density Index (TZP-Weighted),"\eta(\omega) = \omega^{-\beta} e^{-\omega/\omega_{0}} || \omega_{0} = \omega_{0}(u_{T}), \qquad \beta = \beta(S_{\mathrm{HD}})"
Passed,,2,2.0,0,"Eq(R_{T}, Limit(bigl(bigr*f(x) + R(x)), x, p, dir='+-')) || R_{T} < oo*(Longleftrightarrow*(Gamma*(Lambda*sim)))","Eq(R_{T}, Limit(bigl(bigr*f(x) + R(x)), x, p, dir='+-')) || R_{T} < oo*(Longleftrightarrow*(Gamma*(Lambda*sim)))",,ID0016,Manifold Curvature (TZP Condition),R_{T} = \lim_{x \to p}\bigl(R(x)+f(x)\bigr) || R_{T} < \infty \quad \Longleftrightarrow \quad \Gamma \sim \Lambda
Passed,,3,3.0,0,"Eq(g*nabla**(T*mathrm), 0*p) || Eq(T(nabla**(T*mathrm)), 0*p) || big*nabla**(T*mathrm)","Eq(g*nabla**(T*mathrm), 0*p) || Eq(T(nabla**(T*mathrm)), 0*p) || big*nabla**(T*mathrm)",,ID0017,Trawinistic Connection,"\nabla^{\mathrm{T}} g = 0 \qquad \text{away from } p || T(\nabla^{\mathrm{T}})=0 \qquad \text{away from } p || \nabla^{\mathrm{T}}\big\vert_{\det g \neq 0} = \nabla^{\mathrm{LC}}, \qquad \nabla^{\mathrm{T}} n = 0 \ \text{for}\ n \in \operatorname{Null}_{p}(M)"
Passed,,2,2.0,0,"Eq(Delta_{T*mathrm}*phi, nabla**(T*mathrm)*(nabla_{T*mathrm}**a*phi)) || Eq(nabla_{T*mathrm}**a, g_{mathrm*(r*(e*g))}**(a*b)*nabla**(T*mathrm))","Eq(Delta_{T*mathrm}*phi, nabla**(T*mathrm)*(nabla_{T*mathrm}**a*phi)) || Eq(nabla_{T*mathrm}**a, g_{mathrm*(r*(e*g))}**(a*b)*nabla**(T*mathrm))",,ID0018,Trawinistic Laplacian,"\Delta_{\mathrm{T}}\phi = \nabla^{\mathrm{T}}_{a} \nabla_{\mathrm{T}}^{\,a}\phi || \nabla_{\mathrm{T}}^{\,a} = g_{\mathrm{reg}}^{ab}\nabla^{\mathrm{T}}_{b}"
Passed,,2,2.0,0,"Eq(Box_{T*mathrm}*phi, g_{mathrm*(r*(e*g))}**(a*b)*(nabla**(T*mathrm)*(nabla**(T*mathrm)*phi))) || Eq(g_{mathrm*(r*(e*g))}**(a*b), 1/g)","Eq(Box_{T*mathrm}*phi, g_{mathrm*(r*(e*g))}**(a*b)*(nabla**(T*mathrm)*(nabla**(T*mathrm)*phi))) || Eq(g_{mathrm*(r*(e*g))}**(a*b), 1/g)",,ID0019,Trawinistic D'Alembertian,\Box_{\mathrm{T}}\phi = g_{\mathrm{reg}}^{ab} \nabla^{\mathrm{T}}_{a} \nabla^{\mathrm{T}}_{b}\phi || g_{\mathrm{reg}}^{ab} = \left(g^{-1}\right)_{\mathrm{reg}}^{ab}
Passed,,2,2.0,0,"Eq(w, dell*((oint_{Gamma}*(nabla*theta))/((2*pi)))) || w*(in*((Z*mathbb)/2))","Eq(w, dell*((oint_{Gamma}*(nabla*theta))/((2*pi)))) || w*(in*((Z*mathbb)/2))",,ID0020,Trawinistic Winding Number,w = \frac{1}{2\pi} \oint_{\Gamma} \nabla \theta \cdot d\ell || w \in \tfrac{1}{2}\mathbb{Z}
Passed,,2,2.0,0,"Eq(c_{T}, (F/((2*pi)))*(H**2*in)) || Eq(operatorname*((A*mathcal)*(h*(l*o))), w)","Eq(c_{T}, (F/((2*pi)))*(H**2*in)) || Eq(operatorname*((A*mathcal)*(h*(l*o))), w)",,ID0021,Trawin Characteristic Class,"c_{T} = \left[\frac{1}{2\pi}F\right] \in H^{2}(M\setminus\{p\},\mathbb{Z}) || \operatorname{hol}(\mathcal{A}) = w"
Passed,,2,2.0,0,"Eq(Limit(R_{T}(x), x, p, dir='+-'), oo) || Eq(R_{T}(x), Limit(bigl(bigr*f(y) + R(y)), y, x, dir='+-'))","Eq(Limit(R_{T}(x), x, p, dir='+-'), oo) || Eq(R_{T}(x), Limit(bigl(bigr*f(y) + R(y)), y, x, dir='+-'))",,ID0022,TZP Curvature Singularity,\lim_{x\to p} R_{T}(x) = \infty || R_{T}(x)=\lim_{y\to x}\bigl(R(y)+f(y)\bigr)
Passed,,2,2.0,0,"Eq(V_{T}(x), lambda*exp(-d(x, p)/u_{T})) || Eq(V_{T}(p), lambda)","Eq(V_{T}(x), lambda*exp(-d(x, p)/u_{T})) || Eq(V_{T}(p), lambda)",,ID0023,TZP Potential Term,"V_{T}(x) = \lambda \exp\!\left( -\frac{d(x,p)}{u_{T}} \right) || V_{T}(p)=\lambda"
Passed,,2,2.0,0,"Eq(rho_{mathrm*(v*(a*c))}**T, Integral((hbar*omega)*eta(omega), (omega, 0, omega_{mathrm*(c*(t*u))}))/(u_{T}**4)) || Eq(omega_{mathrm*(c*(t*u))}, omega_{mathrm*(c*(t*u))}(S_{mathrm*(D*H)}))","Eq(rho_{mathrm*(v*(a*c))}**T, Integral((hbar*omega)*eta(omega), (omega, 0, omega_{mathrm*(c*(t*u))}))/(u_{T}**4)) || Eq(omega_{mathrm*(c*(t*u))}, omega_{mathrm*(c*(t*u))}(S_{mathrm*(D*H)}))",,ID0024,TZP Vacuum Energy Density,"\rho_{\mathrm{vac}}^{T} = \frac{1}{u_{T}^{4}} \int_{0}^{\omega_{\mathrm{cut}}} \eta(\omega)\,\hbar\omega\,d\omega || \omega_{\mathrm{cut}}=\omega_{\mathrm{cut}}(S_{\mathrm{HD}})"
Partial Parse,Some segments need cleanup,2,1.0,1,"Eq(J**mu*nabla**(T*mathrm), 0)","Eq(J**mu*nabla**(T*mathrm), 0)","Q = \int_{\Sigma} J^{\mu} d\Sigma_{\mu} -> LaTeXParsingError: I don't understand this
Q = \int_{\Sigma} J^{\mu} d\Sigma_{\mu}
~~~~~~~~~~~~~~~~~~^",ID0025,Conservation Law: TZP Topological Charge,"Q = \int_{\Sigma} J^{\mu}\, d\Sigma_{\mu} || \nabla^{\mathrm{T}}_{\mu}J^{\mu}=0, \qquad Q=w"
Partial Parse,Some segments need cleanup,2,1.0,1,"Eq(Derivative(I, t), 0)",,"I = \int_{\Gamma} T^{\mu\nu}\xi_{\nu} d\Sigma_{\mu} -> LaTeXParsingError: I don't understand this
I = \int_{\Gamma} T^{\mu\nu}\xi_{\nu} d\Sigma_{\mu}
~~~~~~~~~~~~~~~~~~^",ID0026,Conservation Law: Information Flux Through TZP,"\frac{dI}{dt}=0 || I = \int_{\Gamma} T^{\mu\nu}\xi_{\nu}\, d\Sigma_{\mu}"
Passed,,2,2.0,0,"Eq(g*nabla**(T*mathrm), 0) || Eq(g*nabla**(T*mathrm), C*delta(x, p))","Eq(g*nabla**(T*mathrm), 0) || Eq(g*nabla**(T*mathrm), C*delta(x, p))",,ID0027,Constraint: Trawinistic Metric Compatibility,"\nabla^{\mathrm{T}} g = 0 \qquad (x\neq p) || \nabla^{\mathrm{T}} g = C\,\delta(x,p) \qquad (x=p)"
Partial Parse,Some segments need cleanup,2,1.0,1,"Eq(T(nabla**(T*mathrm)), 0)","Eq(T(nabla**(T*mathrm)), 0)","\int_{\mathcal N} T^{a}{}_{bc} d^{n}x = N^{a}{}_{bc} -> LaTeXParsingError: I don't understand this
\int_{\mathcal N} T^{a}{}_{bc} d^{n}x = N^{a}{}_{bc}
~~~~~~~~~~~~~~~~~~^",ID0028,Constraint: TZP Torsion Localisation,"T(\nabla^{\mathrm{T}})=0 \qquad (x\neq p) || \int_{\mathcal N} T^{a}{}_{bc}\,d^{n}x = N^{a}{}_{bc}"
Partial Parse,Some segments need cleanup,2,1.0,1,H*mathcal,H*mathcal,"\pi = \frac{\partial \mathcal{L}_{\mathrm{T}}}{\partial \dot{\phi}} -> LaTeXParsingError: I expected one of these: '}'
\pi = \frac{\partial \mathcal{L}_{\mathrm{T}}}{\partial \dot{\phi}}
~~~~~~~~~~~~~~~~~~~~~~~~~~~~~~~~^",ID0029,Trawinistic Hamiltonian Density,"\mathcal{H}_{\mathrm{T}} = \pi\,\dot{\phi} -\mathcal{L}_{\mathrm{T}} || \pi = \frac{\partial \mathcal{L}_{\mathrm{T}}}{\partial \dot{\phi}}"
Passed,,2,2.0,0,"H_{T*mathrm}*(Psi*lvert) || Eq(Sigma*(cap*p), varnothing)","H_{T*mathrm}*(Psi*lvert) || Eq(Sigma*(cap*p), varnothing)",,ID0030,TZP-Modified Hamiltonian Operator,"H_{\mathrm{T}}\lvert\Psi\rangle = \int_{\Sigma}\mathcal{H}_{\mathrm{T}}\,d\Sigma\;\lvert\Psi\rangle || \Sigma \cap \{p\} = \varnothing"
Passed,,2,2.0,0,"H*mathcal + Derivative(S, t) || Eq(p, Derivative(S, q))","H*mathcal + Derivative(S, t) || Eq(p, Derivative(S, q))",,ID0031,Hamilton–Jacobi Equation (Trawinistic Form),"\frac{\partial S}{\partial t} \;+\; \mathcal{H}_{\mathrm{T}} \!\left( q,\frac{\partial S}{\partial q},t \right) =0 || p=\frac{\partial S}{\partial q}"
Partial Parse,Some segments need cleanup,2,1.0,1,L*mathcal,L*mathcal,"S[\phi] = \int_{M} \mathcal{L}_{\mathrm{T}} \bigl( \phi,\nabla^{\mathrm{T}}\phi, -> LaTeXParsingError: missing '^' at '\mathcal'
S[\phi] = \int_{M} \mathcal{L}_{\mathrm{T}} \bigl( \phi,\nabla^{\mathrm{T}}\phi,g \bigr) d^{n}x
~~~~~~~~~~~~~~~~~~~^",ID0032,Action Functional on Trawinistic Manifolds,"S[\phi] = \int_{M} \mathcal{L}_{\mathrm{T}} \bigl( \phi,\nabla^{\mathrm{T}}\phi,g \bigr)\, d^{n}x || \mathcal{L}_{\mathrm{T}} = \mathcal{L}_{\mathrm{kin}} \;+\; \mathcal{L}_{\mathrm{pot}} \;+\; \mathcal{L}_{\mathrm{curv}}"
Passed,,2,2.0,0,"Eq(delta*(S*phi), 0) || Eq(phi*(big*vert_{M*partial}), phi_{0})","Eq(delta*(S*phi), 0) || Eq(phi*(big*vert_{M*partial}), phi_{0})",,ID0033,Principle of Least Action (TZP Variant),\delta S[\phi] = 0 || \phi\big\vert_{\partial M} = \phi_{0}
Passed,,2,2.0,0,"Eq((S*delta)/((delta*phi)), 0) || C*mathcal + (nabla**(T*mathrm)*(nabla**(mathrm*(T*a))*phi) + Derivative(V_{T}, phi))","Eq((S*delta)/((delta*phi)), 0) || C*mathcal + (nabla**(T*mathrm)*(nabla**(mathrm*(T*a))*phi) + Derivative(V_{T}, phi))",,ID0034,Field Equations on a Trawinistic Manifold,\frac{\delta S}{\delta \phi}=0 || \nabla^{\mathrm{T}}_{a}\nabla^{\mathrm{T}a}\phi \;+\; \frac{\partial V_{T}}{\partial \phi} \;+\; \mathcal{C}_{\mathrm{curv/tors}} =0
Passed,,2,2.0,0,"Eq(Box_{T*mathrm}*G_{T*mathrm}(x, x'), -delta(x, x')) || (sim/e**V_{T}(x, x'))*G_{T*mathrm}(x, x')","Eq(Box_{T*mathrm}*G_{T*mathrm}(x, x'), -delta(x, x')) || (sim/e**V_{T}(x, x'))*G_{T*mathrm}(x, x')",,ID0035,Quantum Field Propagator (TZP Background),"\Box_{\mathrm{T}}\,G_{\mathrm{T}}(x,x') = -\delta(x,x') || G_{\mathrm{T}}(x,x') \sim e^{-V_{T}(x,x')}"
Passed,,2,2.0,0,"V*mathcal || Eq(omega_{0}, omega_{0}*bigl(bigr*eta))","V*mathcal || Eq(omega_{0}, omega_{0}*bigl(bigr*eta))",,ID0036,Vacuum Fluctuation Operator (TZP),"\mathcal{V}_{\mathrm{T}}\phi_{\omega} = \sqrt{\frac{\hbar\omega}{2}}\, \phi_{\omega}\, \coth\!\left( \frac{\omega}{2\omega_{0}} \right) || \omega_{0}=\omega_{0}\bigl(\eta\bigr)"
Syntax Error,"L = \int_{V} \bigl( \mathbf{r}\times\mathbf{J} \bigr) d^{3}x -> LaTeXParsingError: missing '^' at '\bigl'
L = \int_{V} \bigl( \mathbf{r}\times\mathbf{J} \bigr) d^{3}x
~~~~~~~~~~~~~^ | \frac{dL}{dt} = \int_{V} \bigl( \mathbf{J}\times\mathbf{B} \bigr) d^{3}x -> LaTeXParsingError: missing '^' at '\bigl'
\frac{dL}{dt} = \int_{V} \bigl( \mathbf{J}\times\mathbf{B} \bigr) d^{3}x
~~~~~~~~~~~~~~~~~~~~~~~~~^",2,,2,,,,ID0037,Emergent Rotation Principle,"L = \int_{V} \bigl( \mathbf{r}\times\mathbf{J} \bigr)\,d^{3}x || \frac{dL}{dt} = \int_{V} \bigl( \mathbf{J}\times\mathbf{B} \bigr)\,d^{3}x"
Passed,,2,2.0,0,"Eq(Lambda, B**2/((rho*(Omega**2*mu)))) || Lambda*(approx*1)","Eq(Lambda, B**2/((rho*(Omega**2*mu)))) || Lambda*(approx*1)",,ID0038,Elsasser Attractor Manifold,"\Lambda = \frac{B^{2}}{\rho\,\mu\,\Omega^{2}} || \Lambda \approx 1"
Passed,,2,2.0,0,"Eq(B**2/((2*mu)), rho(Omega*r)**2/2) || Eq(E_{mathrm*(m*(a*g))}, E_{mathrm*(r*(o*t))})","Eq(B**2/((2*mu)), rho(Omega*r)**2/2) || Eq(E_{mathrm*(m*(a*g))}, E_{mathrm*(r*(o*t))})",,ID0039,Magnetic–Coriolis Energy Equipartition,\frac{B^{2}}{2\mu} = \frac{1}{2}\rho(\Omega r)^{2} || E_{\mathrm{mag}} = E_{\mathrm{rot}}
Passed,,2,2.0,0,"Eq(Lambda, B**2/((rho*(Omega**2*mu)))) || Lambda_{mathrm*(c*(r*(i*t)))}*(approx*1)","Eq(Lambda, B**2/((rho*(Omega**2*mu)))) || Lambda_{mathrm*(c*(r*(i*t)))}*(approx*1)",,ID0040,Universality of Elsasser Criticality,"\Lambda = \frac{B^{2}}{\rho\,\mu\,\Omega^{2}} || \Lambda_{\mathrm{crit}} \approx 1"
Partial Parse,Some segments need cleanup,2,1.0,1,"Eq(H, Phi*w)","Eq(H, Phi*w)","H = \int_{V}\mathbf{A}\cdot\mathbf{B} d^{3}x -> LaTeXParsingError: missing '^' at '\mathbf'
H = \int_{V}\mathbf{A}\cdot\mathbf{B} d^{3}x
~~~~~~~~~~~~^",ID0041,Topological Helicity Quantisation,"H = \int_{V}\mathbf{A}\cdot\mathbf{B}\,d^{3}x || H = w\,\Phi, \qquad w \in \mathbb{Z}"
Passed,,2,2.0,0,"Eq(chi_{H}, H/((B**2*L))) || Eq(chi_{H}, mathrm)","Eq(chi_{H}, H/((B**2*L))) || Eq(chi_{H}, mathrm)",,ID0042,Magnetic Helicity as Scale-Invariant Constraint,\chi_{H} = \frac{H}{B^{2}L} || \chi_{H} = \mathrm{const.}
Passed,,2,2.0,0,operatorname*(L*k) || operatorname*(L*k),operatorname*(L*k) || operatorname*(L*k),,ID0043,Helicity Linking Number Universality,"\operatorname{Lk}(C_{1},C_{2}) = \frac{1}{4\pi} \oint_{C_{1}}\oint_{C_{2}} \frac{(\mathbf{r}_{1}-\mathbf{r}_{2})\cdot \left(d\mathbf{r}_{1}\times d\mathbf{r}_{2}\right)} {\lvert \mathbf{r}_{1}-\mathbf{r}_{2} \rvert^{3}} || \operatorname{Lk}(C_{1},C_{2}) \in \mathbb{Z}"
Passed,,2,2.0,0,"Eq(mu, k*(M*(Omega*R**2))) || k*(approx*mathrm)","Eq(mu, k*(M*(Omega*R**2))) || k*(approx*mathrm)",,ID0044,(μ ∝ M R^2Ω) Universal Scaling Law,"\mu = k\,M R^{2}\Omega || k \approx \mathrm{const.}"
Passed,,2,2.0,0,"Eq(g_{mu}, mu/((M*(Omega*R**2)))) || Eq(g_{mu}, mathcal*(O*1))","Eq(g_{mu}, mu/((M*(Omega*R**2)))) || Eq(g_{mu}, mathcal*(O*1))",,ID0045,Dimensionless Gyromagnetic Coupling Constant,g_{\mu} = \frac{\mu}{M R^{2}\Omega} || g_{\mu} = \mathcal{O}(1)
Passed,,2,2.0,0,"Eq(R*mathcal, Q/Q') || Abs(log(R*mathcal, 10)) <= 1","Eq(R*mathcal, Q/Q') || Abs(log(R*mathcal, 10)) <= 1",,ID0046,Order-Of-Magnitude Invariance Across 47 Orders of Scale,\mathcal{R} = \frac{Q}{Q'} || \left|\log_{10}\mathcal{R}\right| \leq 1
Passed,,2,2.0,0,"Eq(P(H_{i}*(D*mid))/P(H_{j}*(D*mid)), (P(H_{i})/P(H_{j}))*(P(D*(H_{i}*mid))/P(D*(H_{j}*mid)))) || Eq(B_{i*j}, P(D*(H_{i}*mid))/P(D*(H_{j}*mid)))","Eq(P(H_{i}*(D*mid))/P(H_{j}*(D*mid)), (P(H_{i})/P(H_{j}))*(P(D*(H_{i}*mid))/P(D*(H_{j}*mid)))) || Eq(B_{i*j}, P(D*(H_{i}*mid))/P(D*(H_{j}*mid)))",,ID0047,Bayesian Evidence Accumulation Framework,\frac{P(H_{i}\mid D)}{P(H_{j}\mid D)} = \frac{P(D\mid H_{i})}{P(D\mid H_{j})} \frac{P(H_{i})}{P(H_{j})} || B_{ij} = \frac{P(D\mid H_{i})}{P(D\mid H_{j})}
Passed,,2,2.0,0,"Ne((D*exists)/P(D*(H*mid)), P(D*(mid*(H*neg)))) || Abs(P(D*(H*mid)) - P(D*(mid*(H*neg)))) >= delta","Ne((D*exists)/P(D*(H*mid)), P(D*(mid*(H*neg)))) || Abs(P(D*(H*mid)) - P(D*(mid*(H*neg)))) >= delta",,ID0048,Falsifiability as Core Design Constraint,\exists D: \quad P(D\mid H) \neq P(D\mid \neg H) || \left|P(D\mid H) - P(D\mid \neg H)\right| \geq \delta
Partial Parse,Some segments need cleanup,2,1.0,1,omega_{mathrm*(c*(t*u))} < oo,omega_{mathrm*(c*(t*u))} < oo,"\langle \phi^{2} \rangle = \int_{0}^{\omega_{\mathrm{cut}}} \frac{\hbar}{2\omega -> LaTeXParsingError: I expected one of these: '|' '\right|'
\langle \phi^{2} \rangle = \int_{0}^{\omega_{\mathrm{cut}}} \frac{\hbar}{2\omega} \eta(\omega) d\omega
~~~~~~~~~~~~~~~~~^",ID0049,Zero-Point Fluctuations,"\langle \phi^{2} \rangle = \int_{0}^{\omega_{\mathrm{cut}}} \frac{\hbar}{2\omega}\, \eta(\omega)\,d\omega || \omega_{\mathrm{cut}} < \infty"
Passed,,2,2.0,0,"phi*(Gamma*in) || Eq(phi*(R*xi + (m**2 + nabla**mu*nabla_{mu})), 0)","phi*(Gamma*in) || Eq(phi*(R*xi + (m**2 + nabla**mu*nabla_{mu})), 0)",,ID0050,Quantum Fields on Curved Manifolds,\phi \in \Gamma(E \to M) || \left(\nabla^{\mu}\nabla_{\mu} + m^{2} + \xi R\right)\phi = 0
Syntax Error,"[\phi(x),\pi(y)] = i\hbar \delta(x,y) -> LaTeXParsingError: I expected one of these: ']'
[\phi(x),\pi(y)] = i\hbar \delta(x,y)
~~~~~~~~^ | \langle 0 \mid [\phi(x),\pi(y)] \mid 0 \rangle \neq 0 -> LaTeXParsingError: missing {'|', '\right|'} at '['
\langle 0 \mid [\phi(x),\pi(y)] \mid 0 \rangle \neq 0
~~~~~~~~~~~~~~~^",2,,2,,,,ID0051,Zero-Point Fluctuations,"\left[\phi(x),\pi(y)\right] = i\hbar\,\delta(x,y) || \langle 0 \mid \left[\phi(x),\pi(y)\right] \mid 0 \rangle \neq 0"
Passed,,2,2.0,0,"Eq(Pi_{mu*nu}(x, x'), biggr*((delta**2*(A*W))/((delta*(A**mu*(x*(delta*(A**nu*x')))))))) || Eq(nabla**mu*Pi_{mu*nu}(x, x'), 0)","Eq(Pi_{mu*nu}(x, x'), biggr*((delta**2*(A*W))/((delta*(A**mu*(x*(delta*(A**nu*x')))))))) || Eq(nabla**mu*Pi_{mu*nu}(x, x'), 0)",,ID0052,Vacuum Polarization,"\Pi_{\mu\nu}(x,x') = \frac{\delta^{2}W[A]}{\delta A^{\mu}(x)\,\delta A^{\nu}(x')} \biggr\rvert_{A=0} || \nabla^{\mu}\Pi_{\mu\nu}(x,x') = 0"
Partial Parse,Some segments need cleanup,2,1.0,1,"Eq(H, H*delta + ((m*(omega**2*q**2))/2 + p**2/((2*m))))","Eq(H, H*delta + ((m*(omega**2*q**2))/2 + p**2/((2*m))))","[a,a^{\dagger}] = 1 -> LaTeXParsingError: I expected something else here
[a,a^{\dagger}] = 1
~~^",ID0053,Quantum Harmonic Oscillator (TZP-Modified),"H = \frac{p^{2}}{2m} + \frac{1}{2}m\omega^{2}q^{2} + \delta H || \left[a,a^{\dagger}\right] = 1"
Passed,,2,2.0,0,"Eq(-Delta_{T*mathrm}*phi_{n}, lambda_{n}*phi_{n}) || Eq(omega_{n}**2, lambda_{n} + m**2)","Eq(-Delta_{T*mathrm}*phi_{n}, lambda_{n}*phi_{n}) || Eq(omega_{n}**2, lambda_{n} + m**2)",,ID0054,Mode Quantization in Confined Geometries,-\Delta_{\mathrm{T}}\phi_{n} = \lambda_{n}\phi_{n} || \omega_{n}^{2} = \lambda_{n} + m^{2}
Passed,,2,2.0,0,"B*mathcal || Eq(b_{n}, b_{n}**(mathrm*(c*(u*(r*v)))) + (b_{n}**(mathrm*(g*(e*(m*o)))) + b_{n}**(mathrm*(t*(o*p)))))",B*mathcal,,ID0055,Boundary-Induced Quantum Effects,"\mathcal{B}_{\partial\Omega}\phi = \sum_{n} b_{n}(\partial\Omega)\,\phi_{n} || b_{n} = b_{n}^{\mathrm{geom}} + b_{n}^{\mathrm{top}} + b_{n}^{\mathrm{curv}}"
Passed,,2,2.0,0,"Eq(E_{mathrm*(C*(a*s))}(L), -pi**2/((720*L**3))*(varepsilon + 1)) || Eq(varepsilon, varepsilon_{mathrm*(T*(P*Z))} + varepsilon_{mathrm*(c*(u*(r*v)))})","Eq(E_{mathrm*(C*(a*s))}(L), -pi**2/((720*L**3))*(varepsilon + 1)) || Eq(varepsilon, varepsilon_{mathrm*(T*(P*Z))} + varepsilon_{mathrm*(c*(u*(r*v)))})",,ID0056,Casimir-Type Phenomena,"E_{\mathrm{Cas}}(L) = -\frac{\pi^{2}}{720\,L^{3}}\left(1+\varepsilon\right) || \varepsilon = \varepsilon_{\mathrm{curv}} + \varepsilon_{\mathrm{TZP}}"
Passed,,2,2.0,0,"Eq(Delta(g_{c}), 0) || xi*(sim/Abs(g - g_{c})**nu)","Eq(Delta(g_{c}), 0) || xi*(sim/Abs(g - g_{c})**nu)",,ID0057,Quantum Phase Transitions,\Delta(g_{c}) = 0 || \xi \sim |g-g_{c}|^{-\nu}
Passed,,2,2.0,0,"Eq(mu*Derivative(g, mu), beta(g, d_{mathrm*(e*(f*f))})) || Eq(d_{mathrm*(e*(f*f))}, d_{mathrm*(e*(f*f))}(mu))","Eq(mu*Derivative(g, mu), beta(g, d_{mathrm*(e*(f*f))})) || Eq(d_{mathrm*(e*(f*f))}, d_{mathrm*(e*(f*f))}(mu))",,ID0058,Renormalization Flow as Dimensional Navigation,"\mu\frac{dg}{d\mu} = \beta\!\left(g,d_{\mathrm{eff}}\right) || d_{\mathrm{eff}} = d_{\mathrm{eff}}(\mu)"
Partial Parse,Some segments need cleanup,2,1.0,1,"Eq(c_{i}, c_{i}(mu, d_{mathrm*(e*(f*f))}))","Eq(c_{i}, c_{i}(mu, d_{mathrm*(e*(f*f))}))","\frac{dc_{i}}{d\ln\mu} = f_{i}\!(c_{j},d_{\mathrm{eff}}) -> LaTeXParsingError: I expected one of these: '}'
\frac{dc_{i}}{d\ln\mu} = f_{i}\!(c_{j},d_{\mathrm{eff}})
~~~~~~~~^",ID0059,Scale Dependence of Physical Constants,"\frac{dc_{i}}{d\ln\mu} = f_{i}\!\left(c_{j},d_{\mathrm{eff}}\right) || c_{i} = c_{i}(\mu,d_{\mathrm{eff}})"
Passed,,2,2.0,0,C*mathcal || mathcal*(C*t),C*mathcal || oo*sign(C*mathcal),,ID0060,Quantum Coherence and Decoherence,"\mathcal{C}(\phi_{1},\phi_{2}) = \frac{\left|\langle \phi_{1},\phi_{2}\rangle\right|} \lVert\phi_{1}\rVert\,\lVert\phi_{2}\rVert || \mathcal{C}(t) \to 0"
Passed,,2,2.0,0,rho(t) || rho_{i*j}(t),"Limit(rho(t), t, oo, dir='-') || Limit(rho_{i*j}(t), t, oo, dir='-')",,ID0061,Environment-Induced Superselection,"\rho(t) \to \sum_{i} p_{i}\,\lvert i\rangle\langle i\rvert || \rho_{ij}(t) \to 0 \qquad (i \neq j)"
Passed,,2,2.0,0,"Eq(S_{O}(omega), e**(i*(omega*tau))*Integral(1, tau)) || Eq(S_{O}**eta*omega, S_{O}(omega)*eta(omega))","Eq(S_{O}(omega), e**(i*(omega*tau))*Integral(1, tau)) || Eq(S_{O}**eta*omega, S_{O}(omega)*eta(omega))",,ID0062,Quantum Noise Spectra,"S_{O}(\omega) = \int d\tau\; e^{i\omega\tau} \langle \delta O(t)\,\delta O(t+\tau)\rangle || S_{O}^{(\eta)}(\omega) = S_{O}(\omega)\,\eta(\omega)"
Syntax Error,"\mathcal{M}[\rho] = \sum_{k} M_{k}\rho M_{k}^{\dagger} - \rho -> LaTeXParsingError: I expected something else here
\mathcal{M}[\rho] = \sum_{k} M_{k}\rho M_{k}^{\dagger} - \rho
~~~~~~~~~~~~~~~~~~~~~~~~~~~^ | \sum_{k} M_{k}^{\dagger}M_{k} = I -> LaTeXParsingError: I expected something else here
\sum_{k} M_{k}^{\dagger}M_{k} = I
~~~~~~~^",2,,2,,,,ID0063,Measurement Back-Action,\mathcal{M}[\rho] = \sum_{k} M_{k}\rho M_{k}^{\dagger} - \rho || \sum_{k} M_{k}^{\dagger}M_{k} = I
Passed,,2,2.0,0,"lvert*psi_{mathrm*(o*(b*s))} || Eq(U(gamma)*U(gamma)**dagger, I)","lvert*psi_{mathrm*(o*(b*s))} || Eq(U(gamma)*U(gamma)**dagger, I)",,ID0064,Observer-Dependent Quantum States,\lvert \psi_{\mathrm{obs}}\rangle = U(\gamma)\lvert \psi_{0}\rangle || U(\gamma)^{\dagger}U(\gamma) = I
Passed,,2,2.0,0,"Eq(rho_{A}, operatorname*(T*r)) || Eq(S(rho_{A}), -operatorname*(T*r)*(rho_{A}*log(rho_{A}, E)))","Eq(rho_{A}, operatorname*(T*r)) || Eq(S(rho_{A}), -operatorname*(T*r)*(rho_{A}*log(rho_{A}, E)))",,ID0065,Entanglement Structure,\rho_{A} = \operatorname{Tr}_{B}(\rho_{AB}) || S(\rho_{A}) = -\operatorname{Tr}\!\left(\rho_{A}\log\rho_{A}\right)
Passed,,2,2.0,0,"(V, E, w) || Eq(w_{i*j}, E*mathcal)","(V, E, w) || Eq(w_{i*j}, E*mathcal)",,ID0066,Multipartite Entanglement FractalNodes,"G = (V,E,w) || w_{ij} = \mathcal{E}_{ij}"
Passed,,2,2.0,0,"g_{mathrm*(g*s)} > 1 || Eq(W(C), <middle*psi|*(mathcal*(P*exp(oint_{C}*(A*(middle*|psi>))))))","g_{mathrm*(g*s)} > 1 || Eq(W(C), <middle*psi|*(mathcal*(P*exp(oint_{C}*(A*(middle*|psi>))))))",,ID0067,Topological Quantum States,g_{\mathrm{gs}} > 1 || W(C) = \left\langle \psi \middle| \mathcal{P}\exp\!\oint_{C} A \middle| \psi \right\rangle
Passed,,2,2.0,0,"Eq(gamma_{B*mathrm}, i*oint_{Gamma}) || Eq(gamma_{mathrm*(t*(o*t))}, gamma_{L*mathrm} + (gamma_{B*mathrm} + gamma_{mathrm*(dy*n)}))","Eq(gamma_{B*mathrm}, i*oint_{Gamma}) || Eq(gamma_{mathrm*(t*(o*t))}, gamma_{L*mathrm} + (gamma_{B*mathrm} + gamma_{mathrm*(dy*n)}))",,ID0068,Berry Phase and Geometric Phase Effects,\gamma_{\mathrm{B}} = i\oint_{\Gamma}\langle \psi \mid \nabla_{\lambda}\psi\rangle\cdot d\lambda || \gamma_{\mathrm{tot}} = \gamma_{\mathrm{dyn}} + \gamma_{\mathrm{B}} + \gamma_{\mathrm{L}}
Partial Parse,Some segments need cleanup,2,1.0,1,psi*(Gamma*in),psi*(Gamma*in),"\mathcal{N} = (V,E,j,\iota) -> LaTeXParsingError: I expected something else here
\mathcal{N} = (V,E,j,\iota)
~~~~~~~~~~~~~~~~^",ID0069,Spinor and Spin-Network Representations,"\psi \in \Gamma(S \to M) || \mathcal{N} = (V,E,j,\iota)"
Passed,,2,2.0,0,H*mathcal || dim*(H*mathcal),H*mathcal || dim*(H*mathcal),,ID0070,Quantum Information Units,\mathcal{H}_{\mathrm{qunit}} \cong \mathbb{C}^{d} || \dim \mathcal{H}_{\mathrm{qunit}} = d
Passed,,2,2.0,0,H*mathcal || mathbb*((C*P)**1*(cong*(S**2*(M*hookrightarrow)))),H*mathcal || mathbb*((C*P)**1*(cong*(S**2*(M*hookrightarrow)))),,ID0071,Qubit Manifold Embedding,\mathcal{H}_{\mathrm{qubit}} \cong \mathbb{C}^{2} || \mathbb{CP}^{1} \cong S^{2} \hookrightarrow M
Partial Parse,Some segments need cleanup,2,1.0,1,H*mathcal,H*mathcal,"[q,p] = i\hbar -> LaTeXParsingError: I expected something else here
[q,p] = i\hbar
~~^",ID0072,Continuous-Variable Quantum Systems,"\left[q,p\right] = i\hbar || \mathcal{H}_{\mathrm{CV}} = L^{2}(\mathbb{R})"
Partial Parse,Some segments need cleanup,2,1.0,1,(E*mathcal)/((rho*(mapsto*(mathcal*(E*rho))))),(E*mathcal)/((rho*(mapsto*(mathcal*(E*rho))))),"\mathcal{E}(\rho) = \sum_{k} K_{k}\rho K_{k}^{\dagger} -> LaTeXParsingError: I expected something else here
\mathcal{E}(\rho) = \sum_{k} K_{k}\rho K_{k}^{\dagger}
~~~~~~~~~~~~~~~~~~~~~~~~~~~^",ID0073,Quantum Channels and Maps,\mathcal{E}:\rho \mapsto \mathcal{E}(\rho) || \mathcal{E}(\rho) = \sum_{k} K_{k}\rho K_{k}^{\dagger}
Partial Parse,Some segments need cleanup,2,1.0,1,"Eq(operatorname*((T*r)*(mathcal*(E*rho))), operatorname*(rho*(T*r)))","Eq(operatorname*((T*r)*(mathcal*(E*rho))), operatorname*(rho*(T*r)))","(\mathcal{E}\otimes \mathbb{I}_{n})(X) \geq 0 \forall n, X \geq 0 -> LaTeXParsingError: I expected one of these: ')'
(\mathcal{E}\otimes \mathbb{I}_{n})(X) \geq 0 \forall n, X \geq 0
~~~~~~~~~~~~~~~~~~~~~~~~~~~~~~^",ID0074,Completely Positive Trace-Preserving Maps,"(\mathcal{E}\otimes \mathbb{I}_{n})(X) \geq 0 \qquad \forall n,\; X \geq 0 || \operatorname{Tr}\!\left(\mathcal{E}(\rho)\right) = \operatorname{Tr}(\rho)"
Passed,,2,2.0,0,"Delta*S >= Q/T_{mathrm*(e*(f*f))} + Sigma_{mathrm*(T*(P*Z))} || Eq(Delta*U, Q + W)","Delta*S >= Q/T_{mathrm*(e*(f*f))} + Sigma_{mathrm*(T*(P*Z))} || Eq(Delta*U, Q + W)",,ID0075,Quantum Thermodynamics,\Delta S \geq \frac{Q}{T_{\mathrm{eff}}} + \Sigma_{\mathrm{TZP}} || \Delta U = Q + W
Passed,,2,2.0,0,"Eq(S(omega), 2*(hbar*((operatorname*((I*m)*R(omega)))*coth((hbar*omega)/((2*(T_{mathrm*(e*(f*f))}*k_{B*mathrm}))))))) || Eq(T_{mathrm*(e*(f*f))}, T_{mathrm*(e*(f*f))}**(mathrm*(T*(P*Z))) + T_{mathrm*(e*(f*f))}**(mathrm*(h*t)))","Eq(S(omega), 2*(hbar*((operatorname*((I*m)*R(omega)))*coth((hbar*omega)/((2*(T_{mathrm*(e*(f*f))}*k_{B*mathrm})))))))",,ID0076,Fluctuation–Dissipation Relations,"S(\omega) = 2\hbar\, \coth\!\left( \frac{\hbar\omega}{2k_{\mathrm{B}}T_{\mathrm{eff}}} \right) \operatorname{Im}R(\omega) || T_{\mathrm{eff}} = T_{\mathrm{eff}}^{\mathrm{th}} + T_{\mathrm{eff}}^{\mathrm{TZP}}"
Passed,,2,2.0,0,"Eq(sigma(omega), (operatorname*((I*m)*Pi_{J*J}(omega)))/omega) || Eq(Pi_{J*J}(omega), e**(i*(omega*t))*Integral(1, t))","Eq(sigma(omega), (operatorname*((I*m)*Pi_{J*J}(omega)))/omega)",,ID0077,Quantum Transport Phenomena,\sigma(\omega) = \frac{1}{\omega}\operatorname{Im}\Pi_{JJ}(\omega) || \Pi_{JJ}(\omega) = \int dt\; e^{i\omega t}\langle J(t)J(0)\rangle
Partial Parse,Some segments need cleanup,2,1.0,1,"Eq(eta, eta(d_{mathrm*(e*(f*f))}, mathrm*(T*(P*Z))))","Eq(eta, eta(d_{mathrm*(e*(f*f))}, mathrm*(T*(P*Z))))","\langle O(x)O(0)\rangle \sim \lvert x\rvert^{-2+\eta} -> LaTeXParsingError: I expected one of these: '|' '\right|'
\langle O(x)O(0)\rangle \sim \lvert x\rvert^{-2+\eta}
~~~~~~~~~~~~~~~~^",ID0078,Quantum Criticality,"\langle O(x)O(0)\rangle \sim \lvert x\rvert^{-2+\eta} || \eta = \eta(d_{\mathrm{eff}},\mathrm{TZP})"
Partial Parse,Some segments need cleanup,2,1.0,1,(e**(lambda_{L*mathrm}*t)*sim)*F(t),"Limit((e**(lambda_{L*mathrm}*t)*sim)*F(t), t, oo, dir='-')","F(t) = \langle [W(t),V(0)]^{\dagger} [W(t),V(0)] \rangle -> LaTeXParsingError: I expected one of these: ']'
F(t) = \langle [W(t),V(0)]^{\dagger} [W(t),V(0)] \rangle
~~~~~~~~~~~~~~~~~~~~^",ID0079,Quantum Chaos Indicators,"F(t) = \left\langle \left[W(t),V(0)\right]^{\dagger} \left[W(t),V(0)\right] \right\rangle || F(t) \sim e^{\lambda_{\mathrm{L}} t}"
Partial Parse,Some segments need cleanup,2,1.0,1,"Eq(delta*(S_{T*mathrm}*gamma_{mathrm*(c*l)}), 0)","Eq(delta*(S_{T*mathrm}*gamma_{mathrm*(c*l)}), 0)","K(x_f,t_f;x_i,t_i) \approx \sum_{\gamma_{\mathrm{cl}}} A_{\gamma} \exp\!(\frac{i -> LaTeXParsingError: I don't understand this
K(x_f,t_f;x_i,t_i) \approx \sum_{\gamma_{\mathrm{cl}}} A_{\gamma} \exp\!(\frac{i}{\hbar}S_{\mathrm{T}}[\gamma_{\mathrm{cl}}])
~~~~~~~~~^",ID0080,Semiclassical Limits,"\delta S_{\mathrm{T}}[\gamma_{\mathrm{cl}}] = 0 || K(x_f,t_f;x_i,t_i) \approx \sum_{\gamma_{\mathrm{cl}}} A_{\gamma} \exp\!\left(\frac{i}{\hbar}S_{\mathrm{T}}[\gamma_{\mathrm{cl}}]\right)"
Passed,,2,2.0,0,"Eq(rho_{i*j}(t), rho_{i*j}(0)/e**(Gamma_{i*j}*t)) || Eq(dot*x, Derivative(H_{mathrm*(e*(f*f))}, p))","Eq(dot*x, Derivative(H_{mathrm*(e*(f*f))}, p))",,ID0081,Classical Emergence from Quantum Dynamics,"\rho_{ij}(t)=\rho_{ij}(0)e^{-\Gamma_{ij} t} || \dot{x}=\frac{\partial H_{\mathrm{eff}}}{\partial p}, \qquad \dot{p}=-\frac{\partial H_{\mathrm{eff}}}{\partial x}"
Syntax Error,"\langle O_{\mathrm{macro}} \rangle = \mathcal{C}\!(\langle O_{\mathrm{micro}} \r -> LaTeXParsingError: I expected one of these: '|' '\right|'
\langle O_{\mathrm{macro}} \rangle = \mathcal{C}\!(\langle O_{\mathrm{micro}} \rangle)
~~~~~~~~~~~~~~~~~~~~~~~~~~~^ | \frac{d}{dt}\langle Q_{\mathrm{macro}} \rangle = \mathcal{C}\!(\frac{d}{dt}\lang -> LaTeXParsingError: Expected expression for derivative",2,,2,,,,ID0082,Micro-To-Macro Consistency Conditions,\langle O_{\mathrm{macro}} \rangle = \mathcal{C}\!\left(\langle O_{\mathrm{micro}} \rangle\right) || \frac{d}{dt}\langle Q_{\mathrm{macro}} \rangle = \mathcal{C}\!\left(\frac{d}{dt}\langle Q_{\mathrm{micro}} \rangle\right)
Passed,,2,2.0,0,"Eq(varepsilon_{mathrm*(T*(P*Z))}, ell_{mathrm*(T*(P*Z))}/ell) || O*mathcal","Eq(varepsilon_{mathrm*(T*(P*Z))}, ell_{mathrm*(T*(P*Z))}/ell) || O*mathcal",,ID0083,TZP Constraints at Quantum Scale,"\varepsilon_{\mathrm{TZP}} = \frac{\ell_{\mathrm{TZP}}}{\ell} || \mathcal{O}_{\mathrm{eff}} = \mathcal{O}_{q} + \varepsilon_{\mathrm{TZP}}\,\Delta\mathcal{O}_{\mathrm{TZP}}"
Passed,,2,2.0,0,Delta*(x*(Delta*p)) >= hbar_{mathrm*(e*(f*f))}/2 || Delta*(t*(Delta*E)) >= hbar_{mathrm*(e*(f*f))}/2,Delta*(x*(Delta*p)) >= hbar_{mathrm*(e*(f*f))}/2,,ID0084,Quantum Limits of Observability,"\Delta x\,\Delta p \ge \frac{\hbar_{\mathrm{eff}}}{2} || \Delta t\,\Delta E \ge \frac{\hbar_{\mathrm{eff}}}{2}, \qquad \hbar_{\mathrm{eff}}=\hbar\left(1+\chi_{\mathrm{TZP}}\right)"
Passed,,2,2.0,0,"Eq(tau_{mathrm*(e*m)}, Integral((mathbf*r)*(rho_{e}*(E*mathbf) + (B*mathbf)*(J*mathbf)), V)) || Eq(Derivative(L*mathbf, t), tau_{mathrm*(e*m)})","Eq(tau_{mathrm*(e*m)}, Integral((mathbf*r)*(rho_{e}*(E*mathbf) + (B*mathbf)*(J*mathbf)), V))",,ID0085,Gyromagnetic Genesis Hypothesis,"\tau_{\mathrm{em}} = \int \mathbf{r}\times\left(\mathbf{J}\times\mathbf{B}+\rho_e\mathbf{E}\right)\,dV || \frac{d\mathbf{L}}{dt}=\tau_{\mathrm{em}}"
Passed,,2,2.0,0,"Eq(mathbf*(L*t), L*mathbf) || L*mathbf",L*mathbf,,ID0086,Rejection of Primordial Angular Momentum Assumption,"\mathbf{L}(t)=\mathbf{L}_0 + \int_{0}^{t}\tau_{\mathrm{em}}(t')\,dt' || \mathbf{L}_0 \approx \mathbf{0} \qquad\text{(default null primordial hypothesis)}"
Partial Parse,Some segments need cleanup,2,1.0,1,"Eq(dot*(omega*t), tau_{mathrm*(e*m)}(t)/I_{T*mathrm})",,"\omega(t)=\omega(0)+\frac{1}{I_{\mathrm{T}}}\int_{0}^{t}\tau_{\mathrm{em}}(t') d -> LaTeXParsingError: I expected one of these: <INVALID>
\omega(t)=\omega(0)+\frac{1}{I_{\mathrm{T}}}\int_{0}^{t}\tau_{\mathrm{em}}(t') dt'
~~~~~~~~~~~~~~~~~~~~~~~~~~~~~~~~~~~~~~~~~~~~~~~~~~~~~~~~~~~~~~~~~~~~~~~~~~~~~~~~~^",ID0087,Rotation as a Continuously Generated Quantity,"\dot{\omega}(t)=\frac{\tau_{\mathrm{em}}(t)}{I_{\mathrm{T}}} || \omega(t)=\omega(0)+\frac{1}{I_{\mathrm{T}}}\int_{0}^{t}\tau_{\mathrm{em}}(t')\,dt'"
Passed,,2,2.0,0,"Eq(tau_{mathrm*(e*m)}, Integral((mathbf*r)*(rho_{e}*(E*mathbf) + (B*mathbf)*(J*mathbf)), V)) || Eq(dot*omega, tau_{mathrm*(e*m)}/I_{T*mathrm})","Eq(tau_{mathrm*(e*m)}, Integral((mathbf*r)*(rho_{e}*(E*mathbf) + (B*mathbf)*(J*mathbf)), V)) || Eq(dot*omega, tau_{mathrm*(e*m)}/I_{T*mathrm})",,ID0088,Local Electromagnetic Field–Driven Rotation,"\tau_{\mathrm{em}} = \int \mathbf{r}\times\left(\mathbf{J}\times\mathbf{B}+\rho_e\mathbf{E}\right)\,dV || \dot{\omega}=\frac{\tau_{\mathrm{em}}}{I_{\mathrm{T}}}"
Passed,,2,2.0,0,"F/((mathbf*(L*(a*(b*(G*(y*(o*r)))))))) || Eq(F(g*(circ*f)), ((circ*(eta*F(f)))*F(g))/F)","F/((mathbf*(L*(a*(b*(G*(y*(o*r)))))))) || Eq(F(g*(circ*f)), ((circ*(eta*F(f)))*F(g))/F)",,ID0089,FractalNodes Category-Theoretic Isomorphism Across Scales,F: \mathbf{LabGyro} \longrightarrow \mathbf{AstroRot} || F(g\circ f)=F(g)\circ F(f) \qquad \text{and}\qquad \eta: F \Rightarrow G
Passed,,2,2.0,0,"Eq(Pi_{k}**(mathrm*(l*(a*b))), Pi_{k}**(mathrm*(a*(s*(t*(o*r)))))) || F_{mathrm*(s*(c*(a*(e*l))))}/((S*mathcal))",F_{mathrm*(s*(c*(a*(e*l))))}/((S*mathcal)),,ID0090,Laboratory ↔ Astrophysical Structural Equivalence,\Pi_{k}^{\mathrm{lab}} = \Pi_{k}^{\mathrm{astro}} || F_{\mathrm{scale}} : \mathcal{S}_{\mathrm{lab}} \longrightarrow \mathcal{S}_{\mathrm{astro}}
Passed,,2,2.0,0,P || sigma/M,P || sigma/M,,ID0091,SO(3) × U(1) Configuration Bundle,"P \longrightarrow M, \qquad \mathrm{Struct}(P)=SO(3) \times U(1) || \sigma : M \longrightarrow P"
Partial Parse,Some segments need cleanup,2,1.0,1,"Eq(G, S*((ltimes_{varphi}*U(1))*O(3)))","Eq(G, S*((ltimes_{varphi}*U(1))*O(3)))","(R,e^{i\alpha})\cdot(R',e^{i\beta}) = (RR', e^{i\alpha} \varphi_R(e^{i\beta})) -> LaTeXParsingError: I expected something else here
(R,e^{i\alpha})\cdot(R',e^{i\beta}) = (RR', e^{i\alpha} \varphi_R(e^{i\beta}))
~~^",ID0092,Semi-Direct Product of Rotation and Gauge Symmetry,"G = SO(3) \ltimes_{\varphi} U(1) || (R,e^{i\alpha})\cdot(R',e^{i\beta}) = \left(RR', e^{i\alpha}\,\varphi_R(e^{i\beta})\right)"
Passed,,2,2.0,0,"Eq(omega*phi_{t}**ast, omega) || L*mathcal","Eq(omega*phi_{t}**ast, omega) || L*mathcal",,ID0093,Phase Space Topology Preservation,\phi_t^{\ast}\omega = \omega || \mathcal{L}_{X_H}\omega = 0
Partial Parse,Some segments need cleanup,2,1.0,1,mathrm*(R*m),mathrm*(R*m),"S(L,T,B,\rho) = (\lambda L, \lambda^{p}T, \lambda^{q}B, \lambda^{r}\rho) -> LaTeXParsingError: I expected something else here
S(L,T,B,\rho) = (\lambda L, \lambda^{p}T, \lambda^{q}B, \lambda^{r}\rho)
~~~~~~~~~~~~~~~~~~~~~~~~~~^",ID0094,FractalNodes Scaling Functor Between Laboratory and Astrophysical Systems,"S(L,T,B,\rho) = (\lambda L, \lambda^{p}T, \lambda^{q}B, \lambda^{r}\rho) || \mathrm{Rm}_{\mathrm{lab}} = \mathrm{Rm}_{\mathrm{astro}}, \qquad \mathrm{Ma}_{A,\mathrm{lab}} = \mathrm{Ma}_{A,\mathrm{astro}}"
Passed,,2,2.0,0,"eta/((S*(F*circ))) || Eq(eta_{X}**ast*omega_{F*(circ*S(X))}, omega_{S*(circ*F(X))})","eta/((S*(F*circ))) || Eq(eta_{X}**ast*omega_{F*(circ*S(X))}, omega_{S*(circ*F(X))})",,ID0095,Natural Transformation Preserving Symplectic Structure,\eta : S \circ F \Rightarrow F \circ S || \eta_X^{\ast}\omega_{F\circ S(X)} = \omega_{S\circ F(X)}
Passed,,2,2.0,0,"Eq(partial_{r}(r*v_{r}) + partial_{z}(v_{z}*z), 0) || R*mathcal","Eq(partial_{r}(r*v_{r}) + partial_{z}(v_{z}*z), 0) || R*mathcal",,ID0096,Electrohydrodynamic Resonance Operator,\partial_r(r v_r) + \partial_z(z v_z) = 0 || \mathcal{R}_{\mathrm{EHD}}[\mathbf{v}] = -\frac{\nabla p}{\rho} + \frac{q}{m}(\mathbf{E}+\mathbf{v}\times\mathbf{B})
Passed,,2,2.0,0,"Eq(f_{mathrm*(b*(r*(i*(dg*e))))}, (32/27)*f_{0}) || Eq(Psi_{mathrm*(b*(r*(i*(dg*e))))}(t), (Bigl*(-Bigr*cos(2*(pi*(f_{2}*t)) + theta) + cos(2*(pi*(f_{1}*t)))))*G_{sigma}(t))","Eq(f_{mathrm*(b*(r*(i*(dg*e))))}, (32/27)*f_{0})",,ID0097,Flip–Twist Bridge Transformation,f_{\mathrm{bridge}} = \frac{32}{27} f_0 || \Psi_{\mathrm{bridge}}(t) = G_{\sigma}(t) \Bigl[ \cos(2\pi f_1 t) - \cos(2\pi f_2 t + \theta) \Bigr]
Passed,,2,2.0,0,"Eq(G_{sigma}(t), exp(-t**2/(2*sigma**2))/((sigma*sqrt(2*pi)))) || Eq(delta_{mathrm*(i*(j*n))}, Limit(G_{sigma}(t), sigma, 0, dir='+-'))",,,ID0098,Delta-Function Signal Injection,G_{\sigma}(t) = \frac{1}{\sigma\sqrt{2\pi}} \exp\!\left(-\frac{t^2}{2\sigma^2}\right) || \delta_{\mathrm{inj}} = \lim_{\sigma \to 0} G_{\sigma}(t)
Passed,,3,3.0,0,begin*(a*(dj*(u*(s*(t*(b*(o*x))))))) || begin*(a*(dj*(u*(s*(t*(b*(o*x))))))) || begin*(a*(dj*(u*(s*(t*(b*(o*x))))))),oo*sign(a*b*begin*dj*o*s*u*x) || oo*sign(a*b*begin*dj*o*s*u*x) || oo*sign(a*b*begin*dj*o*s*u*x),,ID0099,Cymatic Beat Frequency Topology,"\begin{adjustbox}{max width=\linewidth} $\displaystyle \psi_{\mathrm{beat}}(t)=2\cos\!\bigl(\pi(f_2-f_1)t\bigr)\sin\!\bigl(\pi(f_1+f_2)t\bigr) $ \end{adjustbox} || \begin{adjustbox}{max width=\linewidth} $\displaystyle \Delta f=|f_2-f_1|,\qquad \bar f=\frac{f_1+f_2}{2} $ \end{adjustbox} || \begin{adjustbox}{max width=\linewidth} $\displaystyle t_n=\frac{n}{2\Delta f}\quad(440/446\,\mathrm{Hz}:\;t_n=\frac{n}{12}) $ \end{adjustbox}"
