"report","words","primary_theme","related_spine","equations_registered","wolfram_modules","key_concepts","suggested_use"
"THE-DEEP-STRUCTURE-OF-REVERSE-HARMONICS","13324","Topology / Solitons","topological_unification","0","0","dimensional; acoustic; magnetic; modes; extra; helicity","CHL → L4 proof lane"
"The mathematical framework reveals profound isomorphisms bet","4351","Quantum Information","energy_to_matter (quantum)","0","0","information; neural; daansphere; thought; brain; about","CHL → L4 proof lane"
"# Compressible Magneto-Aerodynamic Vortex Core Analysis- Cat","2465","TZPQVT / Vortex","(new: vortex-core spine candidate)","64","32","module; vortex; magnetic; total; acoustic; entanglement","64 eqs registered; 32 Wolfram modules → certify; candidate gold spine"
"# Implications & Implementation Kernel- Quantum Vortex Core ","2246","Quantum Information","energy_to_matter (quantum)","23","28","quantity; module; scale; vortex; power; coherence","23 eqs registered; 28 Wolfram modules → certify; CHL → L4 proof lane"
"# Vortex-Radial Wave Coupling- Topological Fluid Dynamics An","1640","TZPQVT / Vortex","(new: vortex-core spine candidate)","37","16","vortex; radial; module; topological; mathematica; momentum","37 eqs registered; 16 Wolfram modules → certify; candidate gold spine"
"# Complete TZPQVT-Furiene Technical Documentation","1505","TZPQVT / Vortex","(new: vortex-core spine candidate)","60","18","association; acoustic; furiene; hardware; algorithms; section","60 eqs registered; 18 Wolfram modules → certify; candidate gold spine"
"Solition_core","1430","Topology / Solitons","topological_unification","30","24","soliton; module; topological; accumulated; vector; association","30 eqs registered; 24 Wolfram modules → certify"
"topological_solitions","1430","Topology / Solitons","topological_unification","0","24","soliton; module; topological; accumulated; vector; association","24 Wolfram modules → certify"
"gravitational_","1260","Quantum Information","energy_to_matter (quantum)","43","20","module; fibonacci; goldenratio; gravitational; entanglement; magnetic","43 eqs registered; 20 Wolfram modules → certify"
"QuantumTeleportationManifold = Module-","1248","Quantum Information","energy_to_matter (quantum)","13","1","kissingnumber; module; kissing; measurementalgebra; digit; floor","13 eqs registered; 1 Wolfram modules → certify; CHL → L4 proof lane"
"Geometric Analysis","1157","Gravity / Curvature","gravity_accumulated / einstein","14","15","spiral; wolfram; module; centripetal; curvature; association","14 eqs registered; 15 Wolfram modules → certify; CHL → L4 proof lane"
"Earth_scale","1124","Gravity / Curvature","gravity_accumulated / einstein","16","11","earth; gravitational; accumulation; accumulated; galactic; wolfram","16 eqs registered; 11 Wolfram modules → certify; CHL → L4 proof lane"
"## Curry-Howard-Lambek Correspondence Applied to DNA Evoluti","1030","DNA / Biology","(new: DNA-TZPQVS spine candidate)","3","5","proof; evolution; types; categories; section; fitness","3 eqs registered; 5 Wolfram modules → certify; CHL → L4 proof lane; candidate gold spine"
"UnifiedBiologicalQuantumFramework-","989","DNA / Biology","(new: DNA-TZPQVS spine candidate)","5","7","kissingnumber; kissing; where; coherence; energy; module","5 eqs registered; 7 Wolfram modules → certify; candidate gold spine"
"DNA Quantum Field Dynamics","986","DNA / Biology","(new: DNA-TZPQVS spine candidate)","10","7","helix; existence; evolution; kernel; bifurcation; emergence","10 eqs registered; 7 Wolfram modules → certify; CHL → L4 proof lane; candidate gold spine"
"## Quantum Information Accumulation as the Genesis of Curved","981","Gravity / Curvature","gravity_accumulated / einstein","2","0","information; accumulation; spacetime; rather; accumulated; gravitational","2 eqs registered"
"Biological Quantum Projection Operator","979","DNA / Biology","(new: DNA-TZPQVS spine candidate)","18","13","module; codon; trajectory; projection; biological; where","18 eqs registered; 13 Wolfram modules → certify; CHL → L4 proof lane; candidate gold spine"
"Rather than abandoning Einstein_s geometric interpretation o","955","Gravity / Curvature","gravity_accumulated / einstein","0","0","information; accumulation; rather; spacetime; accumulated; gravitational","semantics / encyclopedia source"
"153DNA","900","DNA / Biology","(new: DNA-TZPQVS spine candidate)","12","8","module; genome; dimensional; section; empirical; combinatorial","12 eqs registered; 8 Wolfram modules → certify; CHL → L4 proof lane; candidate gold spine"
"## Neutrino-Mediated Piezoelectric Enhancement via Topologic","897","Particle / Neutrino","(new: neutrino-piezo spine candidate)","22","10","neutrino; entanglement; coherent; enhancement; enhanced; coupling","22 eqs registered; 10 Wolfram modules → certify; candidate gold spine"
"## RNA→DNA Transition Through Trawin Zero Point Hamiltonia","879","DNA / Biology","(new: DNA-TZPQVS spine candidate)","6","4","trawin; where; transition; thymine; reverse; ribose","6 eqs registered; 4 Wolfram modules → certify; CHL → L4 proof lane; candidate gold spine"
"HiddenSolutionExtractor-","860","DNA / Biology","(new: DNA-TZPQVS spine candidate)","9","18","classical; module; implementation; control; decoherence; solution","9 eqs registered; 18 Wolfram modules → certify; candidate gold spine"
"## Categorical Significance Analysis- CHL-Isomorphism Applie","852","DNA / Biology","(new: DNA-TZPQVS spine candidate)","7","3","origination; level; polymer; significance; section; reactions","7 eqs registered; 3 Wolfram modules → certify; CHL → L4 proof lane; candidate gold spine"
"# Achievable Implementation Kernel- Topological Quantum Info","836","Metamaterial / Engineering","(implementation kernels)","5","16","quantity; acoustic; implementation; module; mechanical; magnetic","5 eqs registered; 16 Wolfram modules → certify"
"## Hemispherical Levitation-Extraction Framework- Tesla-Enha","804","Metamaterial / Engineering","(implementation kernels)","21","15","extraction; module; levitation; interface; tesla; acoustic","21 eqs registered; 15 Wolfram modules → certify"
"## Residual Theoretical-Engineering Manifold- Post-Hemispher","767","Metamaterial / Engineering","(implementation kernels)","9","7","resolution; association; synthesis; critical; paradox; months","9 eqs registered; 7 Wolfram modules → certify"
"# Curry-Howard-Lambek Sequential Proof Construction","751","TZPQVT / Vortex","(new: vortex-core spine candidate)","15","0","proof; haskell; valid; axiom; theorem; constructively","15 eqs registered; candidate gold spine"
"Untitled document(3)","737","Metamaterial / Engineering","(implementation kernels)","0","7","resolution; association; synthesis; critical; paradox; months","7 Wolfram modules → certify"
"Here_s the content reorganized into clear subsections for in","710","Gravity / Curvature","gravity_accumulated / einstein","0","0","information; section; accumulation; emergence; accumulated; spacetime","semantics / encyclopedia source"
"Untitled document","693","Topology / Solitons","topological_unification","15","8","solar; coupling; pattern; module; mathematica; helicity","15 eqs registered; 8 Wolfram modules → certify"
"## Accelerated DNA Evolution via TZPQVT Field Manipulation- ","662","DNA / Biology","(new: DNA-TZPQVS spine candidate)","10","6","fitness; tzpqvt; control; evolution; selection; helix","10 eqs registered; 6 Wolfram modules → certify; candidate gold spine"
"FurieneEnhancedTZPQVTSystem -= ResourceFunction--UnifiedFiel","609","Topology / Solitons","topological_unification","13","2","topological; acoustic; turbine; furiene; vacuum; cymatic","13 eqs registered; 2 Wolfram modules → certify"
"TZPQVTMathematicalFoundations -= Module-","604","Category theory / CHL","(L4 CHL proof lane)","8","7","proofs; section; module; complexity; quantization; axioms","8 eqs registered; 7 Wolfram modules → certify; CHL → L4 proof lane"
"## --Comprehensive Publication- Theory of Emergent Curvature","518","Gravity / Curvature","gravity_accumulated / einstein","14","3","information; paper; gravitational; curvature; wolfram; geometric","14 eqs registered; 3 Wolfram modules → certify; CHL → L4 proof lane"
"Untitled document(5)","442","Particle / Neutrino","(new: neutrino-piezo spine candidate)","0","0","point; think; matter; opposite; coming; would","candidate gold spine"
"ParticleSpecificEntanglementFormulas-- -= Module-","424","Quantum Information","energy_to_matter (quantum)","15","8","neural; association; hamiltonian; coupling; photonneural; electronneural","15 eqs registered; 8 Wolfram modules → certify"
"## DNA-TZPQVS Isomorphism- Helical Topology as Biological Qu","422","DNA / Biology","(new: DNA-TZPQVS spine candidate)","6","1","image; wolfram; helical; biological; tzpqvs; vortex","6 eqs registered; 1 Wolfram modules → certify; candidate gold spine"
"# Pattern Recognition- Solar Radial Beams × Gravitational W","335","Gravity / Curvature","gravity_accumulated / einstein","3","1","solar; gravitational; patterns; mathematica; radial; topology","3 eqs registered; 1 Wolfram modules → certify"
"DAANSphereTrajectoryAlgebra-â„‹_neural - NeuralHilbertS","285","Category theory / CHL","(L4 CHL proof lane)","1","3","trajectory; trajectoryoperad; fibonaccisphere; module; cliffordalgebra; holonomygroupoid","1 eqs registered; 3 Wolfram modules → certify; CHL → L4 proof lane"
"I_ll transform this comprehensive treatise into a rigorous L","217","Category theory / CHL","(L4 CHL proof lane)","3","2","publication; mathematical; latex; wolfram; comprehensive; treatise","3 eqs registered; 2 Wolfram modules → certify; CHL → L4 proof lane"
"ExistenceKernel -= Association-","186","Category theory / CHL","(L4 CHL proof lane)","2","4","singularity; association; information; emergence; manifestation; fiber","2 eqs registered; 4 Wolfram modules → certify; CHL → L4 proof lane"
"Actual metamaterial with required properties","137","Metamaterial / Engineering","(implementation kernels)","0","0","energy; coupling; phase; extraction; proof; vacuum","semantics / encyclopedia source"
"PragmaticEvolutionAccelerator -= Module-","111","Metamaterial / Engineering","(implementation kernels)","0","1","implementation; compressionmap; controlmanifold; expression; profiling; information","1 Wolfram modules → certify"
"ℋ_Trawin-ψ,t- -= Module-{ℋ_TZPtunnel, ℋ_ERbridge, ℋ","82","TZPQVT / Vortex","(new: vortex-core spine candidate)","0","1","trawin; point; cymatic; module; tzptunnel; erbridge","1 Wolfram modules → certify; candidate gold spine"
"Untitled document(4)","69","General","","0","0","going; everything; download; whole; completely; marked","semantics / encyclopedia source"
"ComplexityAnalysis = AsymptoticExpansion-","53","General","","0","0","kissingnumber; kissingdepth; complexityanalysis; asymptoticexpansion; timecomplexity; spacecomplexity","semantics / encyclopedia source"
"Untitled document(1)","0","General","","0","0","","semantics / encyclopedia source"
"Untitled document(2)","0","General","","0","0","","semantics / encyclopedia source"
