"insight","id","role","obligation_role","title","canonical_equation"
"1 Cosmic acoustics","ID7732","Angular eigenmodes of the spherical enclosure  Y_lm(θ,φ)","Core_Definition","How This Ties into Your TZPQVS Superconducting Spherical Enclosure + Cymatics Id (1)","Y_{\ell m}(\theta,\phi)"
"1 Cosmic acoustics","ID7733","Radial standing waves in the enclosure  j_l(kr) (spherical Bessel)","Core_Definition","How This Ties into Your TZPQVS Superconducting Spherical Enclosure + Cymatics Id (1)","j_\ell(kr)"
"1 Cosmic acoustics","ID6819","S^3 hypersphere eigenmodes — discrete global mode set","Core_Definition","S³ (Hypersphere) Eigenmodes — Discreteness, Global Interference, and Why S³ S: Y_ell^m","Y_\ell^m"
"1 Cosmic acoustics","ID7257","BAO primordial standing-wave field  δ_b = A j0(k r_s) T(k)","Derived_Theorem_Obligation","Begin with BAO as the Primordial Standing Wave Field: δ_b(r,t)","\delta_b(\vec{r},t) = A\, j_0(k r_s)\, T(k)\, D(t)"
"1 Cosmic acoustics","ID7259","Sound horizon r_s — acoustic scale fixing filament spacing","Core_Axiom","Begin with BAO as the Primordial Standing Wave Field: r_s","r_s"
"1 Cosmic acoustics","ID7177","Observed cosmic-web power spectrum  P(k)=P_prim(k) T^2(k)","Derived_Theorem_Obligation","BAO Modes and Freezing (Linear Perturbation Sketch): P(k): P(k) = P_rm Prim(k) T^2(k)","P(k) = P_{\rm prim}(k)\,T^2(k),"
"1 Cosmic acoustics","ID7207","Filament inflow pattern  Σ(R,φ,t)=Σ A_{m,k}(t)…  (web as mode sum)","Derived_Theorem_Obligation","Connecting BAO → Filament Inflow → Disk Mode Seeding: Σ(R,φ,t)","\Sigma(R,\phi,t) = \sum_{m,k} A_{m,k}(t) \, e^{i(m\phi + kR - \omega_{m,k} t)}."
"2 Ripple projection","ID0230","Bessel interference ripple pattern  Ψ=Ψ0+ε j0(kr)cos(ωt)","Core_Definition","Bessel Interference Pattern of Emergent Matter","\Psi(r,t)=\Psi_0+\varepsilon\,j_0(k r)\cos(\omega t) || k r_1 \approx 2.405"
"2 Ripple projection","ID0256","Harmonic projection ladder  f_n = n f_1","Derived_Theorem_Obligation","Dimensional Reduction and Holography","f_{n}=n f_{1},\quad n\in\mathbb{Z}_{>0} || \omega^{2} = k^{2} v_{\mathrm{A}}^{2}\left[1 + \left(\frac{\omega_{\mathrm{gyro}}}{\omega}\right)^{2}\right]"
"2 Ripple projection","ID6583","Scale-invariant ratio  32/27 ≈ 1.185 (sea:sand:sky identical)","Core_Axiom","Why Use \(32/27\) and How to Make It Fractal: 1.1851851852ldots","1.1851851852\ldots = 32/27"
"2 Ripple projection","ID0362","Scale invariance on the DAANSsphere  S_DAAN(λr) ≅ S_DAAN(r)","Derived_Theorem_Obligation","Scale Invariance on the DAANSsphere","\mathbb{S}_{\mathrm{DAAN}}(\lambda r)\cong\mathbb{S}_{\mathrm{DAAN}}(r) || \mathcal{F}(\lambda x)=\lambda^{\Delta}\mathcal{F}(x)"
"2 Ripple projection","ID0104","Holographic projection  S_A = Area(γ_A)/4G  (upper-D → lower-D)","Derived_Theorem_Obligation","Holographic Information Projection","S_A = \frac{\operatorname{Area}(\gamma_A)}{4 G_N} || \mathcal{O}_{\mathrm{bulk}}(x)=\int K(x,y)\,\mathcal{O}_{\mathrm{bdy}}(y)\,dy"
"2 Ripple projection","ID8796","Bulk–boundary dictionary — projection preserves mode content","Derived_Theorem_Obligation","HOLOGRAPHIC BULK-BOUNDARY DICTIONARY Canonical Statutory Formula: ⟨…","\langle \mathcal{O}(x_1)...\mathcal{O}(x_n) \rangle_{CFT} = \frac{\delta^n Z_{string}}{\delta \phi_0(x_1)...\delta \phi_0(x_n)} \Bigg|_{\phi_0=0}"
"2b Acoustic holonomy","ID10786","Exact Pythagorean comma — twelve fifths overshoot seven octaves","Core_Definition","Pythagorean comma exact loop defect","gamma = (3/2)^12 / 2^7 = 3^12/2^19 = 531441/524288"
"2b Acoustic holonomy","ID10787","Audibility of the loop defect in cents","Derived_Theorem_Obligation","Pythagorean comma in cents","c_gamma = 1200 log_2(gamma) = 23.460 cents"
"2b Acoustic holonomy","ID10788","Comma phase as geometric holonomy / solid angle","Derived_Theorem_Obligation","Pythagorean comma phase equals solid-angle holonomy","theta_gamma = 2*pi(12 log_2(3/2) - 7) = 0.122836 rad = Omega"
"2b Acoustic holonomy","ID10789","Gauss-Bonnet / Berry bridge from loop phase to curvature","Core_Axiom","Holonomy equals enclosed curvature","Omega = integral A = integral K dA"
"2b Acoustic holonomy","ID10790","Hopf lift and inverse outward dimensional flip","Derived_Theorem_Obligation","Hopf lift of comma holonomy","Delta chi_Hopf = Omega, omega_bulk = 1/gamma"
"3 Critical scale-invariance","ID0353","Universal avalanche exponent  P(s) ~ s^{-tau} f(s/s_c)","Core_Definition","Universal Avalanche Exponent","P(s) ~ s^{-tau} f(s/s_c)"
"3 Critical scale-invariance","ID0395","Universal avalanche scaling  P(s) proportional s^{-3/2} exp(-s/s_c)  (tau = 3/2)","Derived_Theorem_Obligation","Universal Avalanche Scaling","P(s) proportional s^{-3/2} exp(-s/s_c), tau = 3/2"
"3 Critical scale-invariance","ID0470","Cascade intensity  I(s) proportional s^{1-tau} = s^{-1/2}","Derived_Theorem_Obligation","Synaptic Avalanche Exponent","I(s) proportional s^{1-tau}=s^{-1/2}"
"3 Critical scale-invariance","ID10791","Crackling relation  1/(sigma nu z) = (alpha-1)/(tau-1) = 2","Derived_Theorem_Obligation","Crackling-noise exponent relation (avalanche size-duration)","1/(sigma nu z) = (alpha-1)/(tau-1) = (2-1)/(3/2-1) = 2, <S>(T) proportional T^2"
"3 Critical scale-invariance","ID10792","Avalanche/cascade reciprocal duality  tau = 3/2 <=> 1/tau = 2/3","Core_Axiom","Avalanche/cascade reciprocal duality (3/2 <-> 2/3)","tau_avalanche = 3/2 <=> 1/tau = 2/3 = tau_cascade"
"Unifying enclosure","ID0285","DAANSphere high-dimensional manifold  M_DAANS = Q × …","Core_Definition","Daansphere High-Dimensional Manifold","\mathcal{M}_{\mathrm{DAANS}}=\mathcal{Q}\times\mathcal{C} || \dim(\mathcal{M}_{\mathrm{DAANS}})=153600"
"Unifying enclosure","ID0245","DAANSphere manifold — the enclosure geometry","Core_Definition","Daansphere Manifold","\begin{adjustbox}{max width=\linewidth} $\displaystyle u_i=\frac{i+1/2}{N},\qquad z_i=1-2u_i,\qquad \theta_i=\frac{2\pi i}{\varphi} $ \end{adjustbox} || \begin{adjustbox}{max width=\linewidth} $\displaystyle \mathbf{x}_i=\left(\sqrt{1-z_i^2}\cos\theta_i,\sqrt{1-z_i^2}\sin\theta_i,z_i\right) $ \end{adjustbox} || \begin{adjustbox}{max width=\linewidth} $\displaystyle N=153600,\qquad \mathbf{x}_{i+N/2}\simeq-\mathbf{x}_i $ \end{adjustbox}"
"Unifying enclosure","ID1837","Projection maps  π_i : 𝒯 → R^3  (downward projection mechanism)","Derived_Theorem_Obligation","The DAANSsphere as Distributed Memory","\pi_i: \mathcal{T} \to \mathbb{R}^3"
