spine,spine_slug,order,id,title,role,obligation_role,semantic_key,canonical_equation,wolfram_check,uuid
Vortex-Core Topological Fluid Dynamics,vortex_core_topological_fluid_dynamics,1,ID10334,Definition of A_connection,Connection carrier for gyro/magnetic circulation,Core_Definition,vortex_connection,A_connection = ω_gyro × r + (μ₀/4π) ∫ (J_gyro × (r - r'))/|r - r'|³,,8d9186b6-a6bc-5ad0-866c-f8630684806e
Vortex-Core Topological Fluid Dynamics,vortex_core_topological_fluid_dynamics,2,ID10335,Definition of F_curvature,Curvature generated from the vortex connection,Core_Definition,vortex_curvature,F_curvature = dA_connection + A_connection ∧ A_connection,aa_vortex_curvature_identity,fdd9d62b-2201-5769-bbb9-45e9ca978202
Vortex-Core Topological Fluid Dynamics,vortex_core_topological_fluid_dynamics,3,ID10337,Definition of ∂ρ/∂T + ∇·(ρv),Compressible continuity law with Alfvenic transport,Core_Axiom,vortex_continuity,∂ρ/∂t + ∇·(ρv) = -∇·(ρ_mag × v_Alfven),,3cc6ea0c-8b9d-5628-924f-692483c08ad6
Vortex-Core Topological Fluid Dynamics,vortex_core_topological_fluid_dynamics,4,ID10339,Definition of v_Alfven,Alfven velocity normalization,Core_Definition,vortex_alfven_velocity,v_Alfven = B/√(μ₀ρ),aa_vortex_alfven_positive,1a667210-68a1-5ed6-99d3-ab1fbfb3022f
Vortex-Core Topological Fluid Dynamics,vortex_core_topological_fluid_dynamics,5,ID10340,Definition of ω_gas,Gas-vorticity curl definition,Core_Definition,vortex_gas_vorticity,ω_gas = ∇ × v,,42cf7886-9e49-549d-9759-22737b27f52e
Vortex-Core Topological Fluid Dynamics,vortex_core_topological_fluid_dynamics,6,ID10343,Definition of Dω_total/Dt,Total-vorticity evolution law,Derived_Theorem_Obligation,vortex_evolution,Dω_total/Dt = (ω_total·∇)v + (B·∇)B/(ρμ₀),,34f338bf-33b3-5fa0-9634-35d1d9eb4c8a
Vortex-Core Topological Fluid Dynamics,vortex_core_topological_fluid_dynamics,7,ID10345,"Relation: M_local[r,θ,φ,t] = |v[r,θ,φ,t]|/c_sound[r,θ,φ,t]",Local Mach functional,Derived_Theorem_Obligation,vortex_mach_functional,"M_local[r,θ,φ,t] = |v[r,θ,φ,t]|/c_sound[r,θ,φ,t]",aa_vortex_mach_ratio,49069db3-4274-51ac-b340-ab65e4a9a35b
Vortex-Core Topological Fluid Dynamics,vortex_core_topological_fluid_dynamics,8,ID10350,"Relation: p_quantum[ρ,T] = (ℏ²/(2m)) × (∇√ρ)²/√ρ",Quantum pressure correction,Derived_Theorem_Obligation,vortex_quantum_pressure,"p_quantum[ρ,T] = (ℏ²/(2m)) × (∇√ρ)²/√ρ",,4a6de321-a917-5b3a-91e2-3ae39a53ba94
Vortex-Core Topological Fluid Dynamics,vortex_core_topological_fluid_dynamics,9,ID10358,V. Topological Phase Structure: Quantum Vortex Gas: n_critical[T],Critical vortex-gas density,Derived_Theorem_Obligation,vortex_critical_density,n_critical[T] = (2π m k_B T/h²)^(3/2) × ζ[3/2],,e21919fc-4ae5-50d9-aefe-06c50b45b7d1
Vortex-Core Topological Fluid Dynamics,vortex_core_topological_fluid_dynamics,10,ID10359,V. Topological Phase Structure: Quantum Vortex Gas: iℏ ∂Ψ/∂T,Rotating Gross-Pitaevskii closure,Derived_Theorem_Obligation,vortex_phase_closure,iℏ ∂Ψ/∂t = (-ℏ²∇²/(2m) + V_trap + g|Ψ|² - Ω·L̂) Ψ,,4a102745-6483-5a5d-be63-987c6cf78470
DNA-TZPQVS Isomorphism,dna_tzpqvs_isomorphism,1,ID10488,Definition of L_adenine,Adenine transition Lindblad operator,Core_Definition,dna_lindblad_adenine,L_adenine = √γ_A |A⟩⟨G| ⊗ σ_+^{TZP},,bf2a87da-e14c-54d6-91eb-60359f3fe7b7
DNA-TZPQVS Isomorphism,dna_tzpqvs_isomorphism,2,ID10489,Definition of L_cytosine,Cytosine transition Lindblad operator,Core_Definition,dna_lindblad_cytosine,L_cytosine = √γ_C |C⟩⟨T| ⊗ σ_-^{TZP},,d04115c8-079d-5d6b-b9b8-3de2a87c35e5
DNA-TZPQVS Isomorphism,dna_tzpqvs_isomorphism,3,ID10490,Definition of L_guanine,Guanine transition Lindblad operator,Core_Definition,dna_lindblad_guanine,L_guanine = √γ_G |G⟩⟨A| ⊗ σ_x^{TZP},,847cfe96-8505-5035-8625-4a2678aad8ff
DNA-TZPQVS Isomorphism,dna_tzpqvs_isomorphism,4,ID10491,Definition of L_thymine,Thymine transition Lindblad operator,Core_Definition,dna_lindblad_thymine,L_thymine = √γ_T |T⟩⟨C| ⊗ σ_y^{TZP},,3e961d53-70fd-5147-bdc0-a9530a6175d4
DNA-TZPQVS Isomorphism,dna_tzpqvs_isomorphism,5,ID10492,Definition of Subject To: ∂_t ρ,Selection-density master equation,Core_Axiom,dna_density_evolution,"Subject to: ∂_t ρ = -i/ℏ [H_selection, ρ] + 𝒟[ρ]",,3117f346-ab11-5573-bfd1-df337fddef06
DNA-TZPQVS Isomorphism,dna_tzpqvs_isomorphism,6,ID10498,Relation: min{|p| : U(p) = DNA_sequence} ≈ O(logₙ(153600^n)),DNA Kolmogorov/compression relation,Derived_Theorem_Obligation,dna_sequence_compression,min{|p| : U(p) = DNA_sequence} ≈ O(logₙ(153600^n)),,116073fb-4f4b-53dd-adde-8f7184eb7aca
DNA-TZPQVS Isomorphism,dna_tzpqvs_isomorphism,7,ID10499,Definition of H,DNA entropy lower bound,Derived_Theorem_Obligation,dna_entropy_bound,H = -Σ p_i log₂(p_i) ≥ log₂(20) ≈ 4.32 bits,aa_dna_entropy_floor,d68a45ae-25ac-5912-91e0-a8a92e360808
DNA-TZPQVS Isomorphism,dna_tzpqvs_isomorphism,8,ID10500,Definition of H_effective,Effective biochemical/quantum Hamiltonian,Derived_Theorem_Obligation,dna_effective_hamiltonian,H_effective = H_chemical + H_quantum + V_interaction,,09e6f775-9797-5c76-aea4-ae042fecff37
DNA-TZPQVS Isomorphism,dna_tzpqvs_isomorphism,9,ID10505,Subobject_classifier_Ω ↦ Prop,Subobject-classifier naturality square,Derived_Theorem_Obligation,dna_chl_naturality,(Ω_LT ∘ Ω_CL ∘ Ω_TC) ∘ f = f ∘ (Ω_LT ∘ Ω_CL ∘ Ω_TC),,915aeb91-a393-58eb-8e2e-0d1aa3271ed3
DNA-TZPQVS Isomorphism,dna_tzpqvs_isomorphism,10,ID10508,Definition of DNA Double Helix,Double helix as toroidal quotient,Core_Definition,dna_helical_isomorphism,DNA Double Helix ≅ (T² × S³)/Z₂,,48fde4d8-d166-5b45-9139-a258b0fccf72
DNA-TZPQVS Isomorphism,dna_tzpqvs_isomorphism,11,ID10512,Definition of Double Helix,Double helix toroidal manifold carrier,Core_Definition,dna_toroidal_carrier,"Double Helix = ""Toroidal Manifold T²×S³""",,5c434420-3a23-55e1-a821-5a67c79ee273
DNA-TZPQVS Isomorphism,dna_tzpqvs_isomorphism,12,ID10519,Definition of L_physical,Physical helix length correction,Derived_Theorem_Obligation,dna_physical_length,L_physical = L * √(1 + (pitch/diameter)²),aa_dna_helix_length,15ceaa50-b5e1-5858-a6cf-8e51b49a171b
Neutrino-Piezoelectric Coupling,neutrino_piezoelectric_coupling,1,ID10300,Definition of Type,Piezoelectric PZT-8 material carrier,Core_Definition,piezo_material,"Type = ""Piezoelectric PZT-8""",,0f55f3c7-7aae-51ed-9efe-0f2db9945ef7
Neutrino-Piezoelectric Coupling,neutrino_piezoelectric_coupling,2,ID10533,Entanglement Functor: σ_standard,Standard neutrino cross-section,Core_Definition,neutrino_standard_cross_section,σ_standard = (G_F²*E_ν²)/(π) * NeutronDensity,,d3e4b8e3-13de-5526-a3cb-4000df6b40df
Neutrino-Piezoelectric Coupling,neutrino_piezoelectric_coupling,3,ID10534,Entanglement Functor: G_F,Fermi-coupling normalization,Core_Definition,neutrino_fermi_constant,G_F = 1.166*10^(-5) GeV^(-2),,fb894ece-87b4-50b8-8594-6fd24825a5de
Neutrino-Piezoelectric Coupling,neutrino_piezoelectric_coupling,4,ID10535,Definition of σ_enhanced/σ_standard,Coherent enhancement ratio,Core_Axiom,neutrino_enhancement_ratio,σ_enhanced/σ_standard ≈ N² ≈ 10^{10},aa_neutrino_enhancement_square,59b2a5be-3340-5928-83ae-e776a5ccb20b
Neutrino-Piezoelectric Coupling,neutrino_piezoelectric_coupling,5,ID10536,Definition of capture_rate,Neutrino capture-rate equation,Derived_Theorem_Obligation,neutrino_capture_rate,capture_rate = Φ_ν * σ_enhanced * N_targets * solid_angle/(4π),aa_neutrino_capture_rate_positive,4f9cb3cc-65e8-53d8-901d-fb744a0a5d2a
Neutrino-Piezoelectric Coupling,neutrino_piezoelectric_coupling,6,ID10537,Definition of Rate,Expected event-rate normalization,Derived_Theorem_Obligation,neutrino_event_rate,Rate = capture_rate ≈ 10^6 events/second,,45d857c0-e9a6-593c-a3da-895cf9dbaefb
Neutrino-Piezoelectric Coupling,neutrino_piezoelectric_coupling,7,ID10538,Definition of Information,Information yield from capture window,Derived_Theorem_Obligation,neutrino_information_yield,Information = Log₂[capture_rate * τ] bits,aa_neutrino_information_log,f42988ab-5bc6-57f2-ac07-0d22136ace3e
Neutrino-Piezoelectric Coupling,neutrino_piezoelectric_coupling,8,ID10539,Definition of Amplitude,Weak-interaction amplitude,Derived_Theorem_Obligation,neutrino_amplitude,Amplitude = (G_F/√2) * ū(p₃)γ^μ(1-γ⁵)u(p₁) * ū(p₄)γ_μ(1-γ⁵)u(p₂),,b04f28f5-1d1f-5990-a3ab-a3deb631bb31
Neutrino-Piezoelectric Coupling,neutrino_piezoelectric_coupling,9,ID10540,Definition of ρ_electron,Electron reduced density matrix,Derived_Theorem_Obligation,neutrino_reduced_density,ρ_electron = Tr_neutrino[|Ψ_entangled⟩⟨Ψ_entangled|],,b87053f8-c231-55b0-a944-4b4c43953a6c
Neutrino-Piezoelectric Coupling,neutrino_piezoelectric_coupling,10,ID10541,Definition of N,Entanglement negativity,Derived_Theorem_Obligation,neutrino_negativity,N = ‖ρ^{T_A}‖₁ - 1,,c85c09d3-5aeb-5e9f-af6e-bf41f340c407
Neutrino-Piezoelectric Coupling,neutrino_piezoelectric_coupling,11,ID10543,Definition of Where λ_ν,Neutrino Compton wavelength scale,Derived_Theorem_Obligation,neutrino_length_scale,Where λ_ν = ℏ/(m_ν * c) ≈ 10^(-3) meter,,fa9819f8-009e-51f1-a737-e3f9b6db37d1
Quantum-Information Genesis of Curvature,quantum_information_genesis_of_curvature,1,ID10474,Definition of Introduction,Information-geometric duality declaration,Core_Definition,qi_duality_declaration,"Introduction = ""Information-Geometric Duality establishing emergence",,1f66e8f7-e7f3-5eab-b32a-2a907f93ff02
Quantum-Information Genesis of Curvature,quantum_information_genesis_of_curvature,2,ID10475,Definition of AccumulationKernel,Decoherence accumulation kernel,Core_Definition,qi_accumulation_kernel,"AccumulationKernel = ""𝒦(t,t') = exp[-(t-t')/τ_dec] integrating",aa_qi_kernel_normalization,96a0c716-f465-5b27-a9dc-fc8450a14803
Quantum-Information Genesis of Curvature,quantum_information_genesis_of_curvature,3,ID10476,Definition of QuantumEntanglement,Quantum-entanglement gravity contribution,Core_Definition,qi_entanglement_contribution,"QuantumEntanglement = ""Multi-modal Q̂_grav^(α) contributions""",,ba921fcb-32ef-5d22-b492-23d98b453010
Quantum-Information Genesis of Curvature,quantum_information_genesis_of_curvature,4,ID10478,Definition of UnifiedEquations,Unified accumulated metric equation,Core_Axiom,qi_unified_metric_equation,"UnifiedEquations = ""Complete ∂g_μν/∂t = 16πG/c⁴ ∫T_μν e^(-Δt/τ)dτ""",,d13fc54d-b9e7-567c-809f-4e99daaeb5de
Quantum-Information Genesis of Curvature,quantum_information_genesis_of_curvature,5,ID10479,Definition of CriticalPhenomena,Critical gravitational charge threshold,Derived_Theorem_Obligation,qi_critical_charge,"CriticalPhenomena = ""Phase transitions at Q_grav = c⁵/G × S_BH""",,f8ec0f24-f268-53fa-8da8-89d33431514d
Quantum-Information Genesis of Curvature,quantum_information_genesis_of_curvature,6,ID10480,Definition of CosmologicalImplications,Cosmological effective-lambda implication,Derived_Theorem_Obligation,qi_cosmological_lambda,"CosmologicalImplications = ""Dark energy Λ_eff from vacuum",,3b127b7e-1874-5af7-a41c-f70563ff3a48
Quantum-Information Genesis of Curvature,quantum_information_genesis_of_curvature,7,ID10481,Paper Establishes Three Revolutionary Insights: 𝒢_μν^acc[t],Accumulated curvature tensor functional,Derived_Theorem_Obligation,qi_accumulated_curvature,𝒢_μν^acc[t] = (8πG/c⁴) ∫_{-∞}^t T^αβ(τ) 𝒫_μναβ(t-τ) exp[-(t-τ)/τ_dec] dτ,,52120398-34f1-50f5-a831-f740d16b72ca
Quantum-Information Genesis of Curvature,quantum_information_genesis_of_curvature,8,ID10482,Definition of Q̂_grav,Gravitational information-charge operator,Derived_Theorem_Obligation,qi_grav_charge_operator,Q̂_grav = (ℏc³/8πG) ∫_{-∞}^t [∂I/∂τ - ∂S/∂τ] exp[-(t-τ)/τ_dec] dτ,,5f21d729-2cb3-5f84-a0b0-c00314efdcce
Quantum-Information Genesis of Curvature,quantum_information_genesis_of_curvature,9,ID10483,"Framework Makes Specific, Testable Predictions",Entangled-photon phase-shift prediction,Derived_Theorem_Obligation,qi_phase_shift_prediction,Phase shift in entangled photons: δφ = GMω/(c³r),aa_qi_phase_shift_units,a6b3b4c8-869d-50a3-8913-9d0ad67ea9d3
Quantum-Information Genesis of Curvature,quantum_information_genesis_of_curvature,10,ID10484,"Framework Makes Specific, Testable Predictions",Gravitational decoherence-rate prediction,Derived_Theorem_Obligation,qi_decoherence_prediction,Gravitational decoherence rate: Γ = G²m²/(ℏc³σ²),aa_qi_decoherence_positive,13a080cb-88f9-5986-a85a-51769ae8e2cb
Quantum-Information Genesis of Curvature,quantum_information_genesis_of_curvature,11,ID10554,Critical Insight Lies in Recognizing That the Einstein Field,Einstein equation as equilibrium condition,Derived_Theorem_Obligation,qi_einstein_equilibrium,equations Rμν - (1/2)gμνR = (8πG/c⁴)Tμν represent equilibrium conditions,,cb32753d-1fd7-593a-bffe-1060e53dd583
Quantum-Information Genesis of Curvature,quantum_information_genesis_of_curvature,12,ID10555,Critical Insight Lies in Recognizing That the Einstein Field,Accumulated gravitational charge integral,Derived_Theorem_Obligation,qi_accumulated_grav_charge,accumulated gravitational charge Q_grav = ∫_{-∞}^t (∂I/∂τ,,2cfa0f62-c01a-584a-bb68-214b6c4b3138
